left_sample_index,right_sample_index,left_source_index,right_source_index,fragment_rmsd_upper_bound_angstrom,comparison_complete,rotation_hypotheses
0,1,0,3,0.990937515544,True,8640
0,2,0,7,0.825959013191,True,8640
0,3,0,10,0.661082562174,True,8640
0,4,0,14,0.89340676439,True,8640
0,5,0,17,0.951706809295,True,8640
0,6,0,21,1.54773769911,True,8640
0,7,0,24,0.934392570382,True,8640
0,8,0,27,1.08883545108,True,8640
0,9,0,31,1.03610964105,True,8640
0,10,0,34,1.16209592565,True,8640
0,11,0,38,0.893586540291,True,8640
0,12,0,41,1.18673636282,True,8640
0,13,0,45,1.37799745017,True,8640
0,14,0,48,1.19069473888,True,8640
0,15,0,52,1.12895611078,True,8640
0,16,0,55,1.06849978279,True,8640
0,17,0,58,1.12835509993,True,8640
0,18,0,62,0.698051486629,True,8640
0,19,0,65,0.800293096652,True,8640
0,20,0,69,1.22750950373,True,8640
0,21,0,72,1.15898125598,True,8640
0,22,0,76,1.27158453027,True,8640
0,23,0,79,1.17258135798,True,8640
1,2,3,7,1.05560745194,True,8640
1,3,3,10,1.13140649295,True,8640
1,4,3,14,0.777895527175,True,8640
1,5,3,17,1.15738384681,True,8640
1,6,3,21,1.13733385622,True,8640
1,7,3,24,1.08291056084,True,8640
1,8,3,27,1.00161541652,True,8640
1,9,3,31,0.994214261793,True,8640
1,10,3,34,1.24698615411,True,8640
1,11,3,38,1.04230631072,True,8640
1,12,3,41,1.18757197748,True,8640
1,13,3,45,1.42104125984,True,8640
1,14,3,48,1.22794415092,True,8640
1,15,3,52,1.09124952908,True,8640
1,16,3,55,1.0842579056,True,8640
1,17,3,58,1.05053519101,True,8640
1,18,3,62,1.15045289868,True,8640
1,19,3,65,1.25525599331,True,8640
1,20,3,69,1.2814878283,True,8640
1,21,3,72,1.0485743293,True,8640
1,22,3,76,1.42625624149,True,8640
1,23,3,79,1.1386223074,True,8640
2,3,7,10,0.562317840123,True,8640
2,4,7,14,0.851641098453,True,8640
2,5,7,17,0.645673150004,True,8640
2,6,7,21,1.50449552797,True,8640
2,7,7,24,0.646933628803,True,8640
2,8,7,27,0.998265458481,True,8640
2,9,7,31,1.01481889547,True,8640
2,10,7,34,1.06083253027,True,8640
2,11,7,38,0.966766490046,True,8640
2,12,7,41,1.57096030479,True,8640
2,13,7,45,1.43912460748,True,8640
2,14,7,48,1.10661252789,True,8640
2,15,7,52,1.07124030755,True,8640
2,16,7,55,1.29776357525,True,8640
2,17,7,58,1.04578143734,True,8640
2,18,7,62,1.02969302478,True,8640
2,19,7,65,1.04464297677,True,8640
2,20,7,69,1.13885130568,True,8640
2,21,7,72,1.10158117448,True,8640
2,22,7,76,1.30276218454,True,8640
2,23,7,79,1.12733177533,True,8640
3,4,10,14,0.808926243893,True,8640
3,5,10,17,0.872404171861,True,8640
3,6,10,21,1.48654476583,True,8640
3,7,10,24,0.737069019736,True,8640
3,8,10,27,1.1505090084,True,8640
3,9,10,31,1.14112954642,True,8640
3,10,10,34,1.10026653744,True,8640
3,11,10,38,0.886198901663,True,8640
3,12,10,41,1.43080104727,True,8640
3,13,10,45,1.53216271768,True,8640
3,14,10,48,0.990612629738,True,8640
3,15,10,52,0.916325067762,True,8640
3,16,10,55,1.2801908603,True,8640
3,17,10,58,0.961928938378,True,8640
3,18,10,62,1.00720609367,True,8640
3,19,10,65,0.918090641871,True,8640
3,20,10,69,1.06648258253,True,8640
3,21,10,72,0.975533504184,True,8640
3,22,10,76,1.26383427106,True,8640
3,23,10,79,1.07809934364,True,8640
4,5,14,17,0.817134678284,True,8640
4,6,14,21,1.39601490074,True,8640
4,7,14,24,0.591238246681,True,8640
4,8,14,27,0.921424030393,True,8640
4,9,14,31,0.925021790014,True,8640
4,10,14,34,1.01863534961,True,8640
4,11,14,38,0.997796983393,True,8640
4,12,14,41,1.50826641813,True,8640
4,13,14,45,1.49166672565,True,8640
4,14,14,48,0.961663421361,True,8640
4,15,14,52,0.922664028471,True,8640
4,16,14,55,1.37876037662,True,8640
4,17,14,58,0.775395241705,True,8640
4,18,14,62,1.12744793298,True,8640
4,19,14,65,1.15495427206,True,8640
4,20,14,69,1.03788919138,True,8640
4,21,14,72,0.788493383883,True,8640
4,22,14,76,1.39005150524,True,8640
4,23,14,79,1.16626217844,True,8640
5,6,17,21,1.54951977016,True,8640
5,7,17,24,0.582603343839,True,8640
5,8,17,27,1.19300839948,True,8640
5,9,17,31,1.16994006989,True,8640
5,10,17,34,1.03443431704,True,8640
5,11,17,38,1.02322774809,True,8640
5,12,17,41,1.53857138022,True,8640
5,13,17,45,1.47695430042,True,8640
5,14,17,48,1.15125875053,True,8640
5,15,17,52,1.12218363867,True,8640
5,16,17,55,1.21912429999,True,8640
5,17,17,58,0.956989296976,True,8640
5,18,17,62,0.991386389029,True,8640
5,19,17,65,1.03683148032,True,8640
5,20,17,69,1.07868315081,True,8640
5,21,17,72,1.06985760405,True,8640
5,22,17,76,1.39626206811,True,8640
5,23,17,79,1.14166289517,True,8640
6,7,21,24,1.50703534976,True,8640
6,8,21,27,1.22190584212,True,8640
6,9,21,31,1.23048419897,True,8640
6,10,21,34,1.11874556117,True,8640
6,11,21,38,1.5740843436,True,8640
6,12,21,41,1.58764723469,True,8640
6,13,21,45,1.61347942862,True,8640
6,14,21,48,1.51433520231,True,8640
6,15,21,52,1.57845421562,True,8640
6,16,21,55,1.02660354544,True,8640
6,17,21,58,1.42820395731,True,8640
6,18,21,62,1.67593274955,True,8640
6,19,21,65,1.20936910623,True,8640
6,20,21,69,1.49725464003,True,8640
6,21,21,72,1.66208152361,True,8640
6,22,21,76,1.71134447468,True,8640
6,23,21,79,1.41556834007,True,8640
7,8,24,27,1.1507539206,True,8640
7,9,24,31,1.14147386779,True,8640
7,10,24,34,0.950694617182,True,8640
7,11,24,38,1.02544678364,True,8640
7,12,24,41,1.52013890051,True,8640
7,13,24,45,1.55804273699,True,8640
7,14,24,48,1.14111590777,True,8640
7,15,24,52,1.16701078113,True,8640
7,16,24,55,1.26951593005,True,8640
7,17,24,58,0.95936211042,True,8640
7,18,24,62,1.12474897548,True,8640
7,19,24,65,1.13708500854,True,8640
7,20,24,69,1.12223549432,True,8640
7,21,24,72,1.08683464864,True,8640
7,22,24,76,1.41969257015,True,8640
7,23,24,79,1.24978456739,True,8640
8,9,27,31,0.304936362976,True,8640
8,10,27,34,1.05449962672,True,8640
8,11,27,38,1.09301392119,True,8640
8,12,27,41,1.31274918341,True,8640
8,13,27,45,1.30266313457,True,8640
8,14,27,48,1.01818172394,True,8640
8,15,27,52,1.05180690133,True,8640
8,16,27,55,1.37275776094,True,8640
8,17,27,58,1.02807894518,True,8640
8,18,27,62,1.18873913206,True,8640
8,19,27,65,1.22134464319,True,8640
8,20,27,69,0.997827121758,True,8640
8,21,27,72,1.0415179433,True,8640
8,22,27,76,1.45398459737,True,8640
8,23,27,79,0.894592811813,True,8640
9,10,31,34,1.11529916693,True,8640
9,11,31,38,1.07173486535,True,8640
9,12,31,41,1.33421308898,True,8640
9,13,31,45,1.29672500146,True,8640
9,14,31,48,1.03723477239,True,8640
9,15,31,52,1.13515323756,True,8640
9,16,31,55,1.3912513775,True,8640
9,17,31,58,1.10524813859,True,8640
9,18,31,62,1.2341434251,True,8640
9,19,31,65,1.22752040287,True,8640
9,20,31,69,1.04119801586,True,8640
9,21,31,72,1.06288566078,True,8640
9,22,31,76,1.43634562256,True,8640
9,23,31,79,0.78291838747,True,8640
10,11,34,38,1.13608428222,True,8640
10,12,34,41,1.49123053547,True,8640
10,13,34,45,1.37305652446,True,8640
10,14,34,48,1.03262809722,True,8640
10,15,34,52,1.05543350606,True,8640
10,16,34,55,1.19270584886,True,8640
10,17,34,58,1.07851453152,True,8640
10,18,34,62,1.16981037822,True,8640
10,19,34,65,1.10884126762,True,8640
10,20,34,69,1.13923588246,True,8640
10,21,34,72,1.10604332973,True,8640
10,22,34,76,1.43021828659,True,8640
10,23,34,79,1.26139841639,True,8640
11,12,38,41,1.18202478394,True,8640
11,13,38,45,1.28663247553,True,8640
11,14,38,48,0.948119084786,True,8640
11,15,38,52,0.908672339365,True,8640
11,16,38,55,1.33728921971,True,8640
11,17,38,58,0.87034281348,True,8640
11,18,38,62,1.0507163648,True,8640
11,19,38,65,1.1625080852,True,8640
11,20,38,69,0.987718947882,True,8640
11,21,38,72,0.883442266514,True,8640
11,22,38,76,1.06456132046,True,8640
11,23,38,79,0.735140804946,True,8640
12,13,41,45,0.78157201872,True,8640
12,14,41,48,1.23632233875,True,8640
12,15,41,52,1.2290768164,True,8640
12,16,41,55,1.27790504685,True,8640
12,17,41,58,1.48644537982,True,8640
12,18,41,62,1.1650675496,True,8640
12,19,41,65,1.22450084148,True,8640
12,20,41,69,1.36058116324,True,8640
12,21,41,72,1.41877055616,True,8640
12,22,41,76,1.24093698171,True,8640
12,23,41,79,1.25010435651,True,8640
13,14,45,48,1.3000866006,True,8640
13,15,45,52,1.35385578101,True,8640
13,16,45,55,1.26808011156,True,8640
13,17,45,58,1.36001539007,True,8640
13,18,45,62,1.26982174727,True,8640
13,19,45,65,1.29076869142,True,8640
13,20,45,69,1.33196182671,True,8640
13,21,45,72,1.44230622518,True,8640
13,22,45,76,1.48067746422,True,8640
13,23,45,79,1.18081503567,True,8640
14,15,48,52,0.393322700084,True,8640
14,16,48,55,1.29618970422,True,8640
14,17,48,58,1.03233016318,True,8640
14,18,48,62,1.34896171497,True,8640
14,19,48,65,1.16822009986,True,8640
14,20,48,69,0.679309134221,True,8640
14,21,48,72,0.775495624503,True,8640
14,22,48,76,1.05270842791,True,8640
14,23,48,79,1.12742070964,True,8640
15,16,52,55,1.37165762251,True,8640
15,17,52,58,0.950975967643,True,8640
15,18,52,62,1.37914141603,True,8640
15,19,52,65,1.10638825839,True,8640
15,20,52,69,0.749346181126,True,8640
15,21,52,72,0.635870972146,True,8640
15,22,52,76,1.07127228493,True,8640
15,23,52,79,1.10237919084,True,8640
16,17,55,58,1.25762803298,True,8640
16,18,55,62,1.22178007892,True,8640
16,19,55,65,0.721065730962,True,8640
16,20,55,69,1.17250300755,True,8640
16,21,55,72,1.40266774155,True,8640
16,22,55,76,1.42709191954,True,8640
16,23,55,79,1.29328194461,True,8640
17,18,58,62,1.13214603475,True,8640
17,19,58,65,1.18032315402,True,8640
17,20,58,69,0.835699815199,True,8640
17,21,58,72,0.754125621059,True,8640
17,22,58,76,1.19992767931,True,8640
17,23,58,79,1.08884652899,True,8640
18,19,62,65,1.0376691095,True,8640
18,20,62,69,1.3301017382,True,8640
18,21,62,72,1.31452195122,True,8640
18,22,62,76,1.34112593211,True,8640
18,23,62,79,1.23648731229,True,8640
19,20,65,69,1.15903191212,True,8640
19,21,65,72,1.10096996725,True,8640
19,22,65,76,1.31640029342,True,8640
19,23,65,79,1.24463320627,True,8640
20,21,69,72,0.829661237605,True,8640
20,22,69,76,1.2629725375,True,8640
20,23,69,79,1.10065850014,True,8640
21,22,72,76,1.27351752684,True,8640
21,23,72,79,1.08763251776,True,8640
22,23,76,79,1.39755156308,True,8640
