0.000000000000000000e+00,9.909375155440000027e-01,8.259590131909999577e-01,6.610825621739999658e-01,8.934067643899999966e-01,9.517068092949999558e-01,1.547737699110000031e+00,9.343925703819999651e-01,1.088835451080000016e+00,1.036109641049999919e+00,1.162095925650000083e+00,8.935865402910000421e-01,1.186736362820000057e+00,1.377997450170000082e+00,1.190694738879999992e+00,1.128956110779999911e+00,1.068499782790000019e+00,1.128355099930000049e+00,6.980514866289999620e-01,8.002930966519999911e-01,1.227509503729999896e+00,1.158981255979999903e+00,1.271584530269999957e+00,1.172581357979999961e+00
9.909375155440000027e-01,0.000000000000000000e+00,1.055607451940000052e+00,1.131406492950000064e+00,7.778955271749999900e-01,1.157383846809999950e+00,1.137333856219999939e+00,1.082910560840000036e+00,1.001615416519999968e+00,9.942142617929999870e-01,1.246986154110000022e+00,1.042306310719999907e+00,1.187571977479999985e+00,1.421041259839999960e+00,1.227944150919999977e+00,1.091249529079999947e+00,1.084257905599999905e+00,1.050535191010000036e+00,1.150452898680000002e+00,1.255255993310000040e+00,1.281487828299999965e+00,1.048574329300000052e+00,1.426256241489999965e+00,1.138622307399999922e+00
8.259590131909999577e-01,1.055607451940000052e+00,0.000000000000000000e+00,5.623178401230000123e-01,8.516410984529999562e-01,6.456731500040000515e-01,1.504495527970000079e+00,6.469336288029999826e-01,9.982654584810000120e-01,1.014818895469999926e+00,1.060832530269999907e+00,9.667664900460000155e-01,1.570960304790000039e+00,1.439124607479999929e+00,1.106612527890000086e+00,1.071240307550000104e+00,1.297763575250000079e+00,1.045781437340000064e+00,1.029693024780000021e+00,1.044642976770000065e+00,1.138851305680000037e+00,1.101581174479999925e+00,1.302762184539999923e+00,1.127331775330000063e+00
6.610825621739999658e-01,1.131406492950000064e+00,5.623178401230000123e-01,0.000000000000000000e+00,8.089262438930000521e-01,8.724041718610000551e-01,1.486544765829999948e+00,7.370690197360000306e-01,1.150509008400000033e+00,1.141129546419999974e+00,1.100266537440000025e+00,8.861989016629999716e-01,1.430801047269999904e+00,1.532162717679999897e+00,9.906126297380000167e-01,9.163250677619999562e-01,1.280190860300000066e+00,9.619289383779999758e-01,1.007206093670000024e+00,9.180906418709999794e-01,1.066482582529999945e+00,9.755335041839999777e-01,1.263834271059999903e+00,1.078099343639999930e+00
8.934067643899999966e-01,7.778955271749999900e-01,8.516410984529999562e-01,8.089262438930000521e-01,0.000000000000000000e+00,8.171346782839999934e-01,1.396014900740000009e+00,5.912382466810000015e-01,9.214240303930000264e-01,9.250217900139999783e-01,1.018635349610000018e+00,9.977969833930000476e-01,1.508266418130000064e+00,1.491666725650000025e+00,9.616634213610000259e-01,9.226640284710000417e-01,1.378760376620000061e+00,7.753952417049999601e-01,1.127447932980000012e+00,1.154954272059999898e+00,1.037889191379999909e+00,7.884933838830000541e-01,1.390051505239999985e+00,1.166262178440000019e+00
9.517068092949999558e-01,1.157383846809999950e+00,6.456731500040000515e-01,8.724041718610000551e-01,8.171346782839999934e-01,0.000000000000000000e+00,1.549519770160000087e+00,5.826033438390000319e-01,1.193008399480000037e+00,1.169940069889999990e+00,1.034434317040000106e+00,1.023227748090000055e+00,1.538571380220000062e+00,1.476954300420000088e+00,1.151258750530000041e+00,1.122183638669999928e+00,1.219124299990000049e+00,9.569892969759999923e-01,9.913863890290000036e-01,1.036831480320000054e+00,1.078683150810000102e+00,1.069857604050000077e+00,1.396262068109999976e+00,1.141662895170000080e+00
1.547737699110000031e+00,1.137333856219999939e+00,1.504495527970000079e+00,1.486544765829999948e+00,1.396014900740000009e+00,1.549519770160000087e+00,0.000000000000000000e+00,1.507035349759999976e+00,1.221905842119999974e+00,1.230484198969999943e+00,1.118745561169999903e+00,1.574084343600000047e+00,1.587647234689999909e+00,1.613479428620000045e+00,1.514335202310000073e+00,1.578454215620000101e+00,1.026603545439999987e+00,1.428203957310000050e+00,1.675932749550000045e+00,1.209369106230000046e+00,1.497254640029999972e+00,1.662081523609999945e+00,1.711344474679999950e+00,1.415568340070000097e+00
9.343925703819999651e-01,1.082910560840000036e+00,6.469336288029999826e-01,7.370690197360000306e-01,5.912382466810000015e-01,5.826033438390000319e-01,1.507035349759999976e+00,0.000000000000000000e+00,1.150753920599999924e+00,1.141473867790000041e+00,9.506946171819999902e-01,1.025446783640000081e+00,1.520138900509999891e+00,1.558042736990000066e+00,1.141115907769999938e+00,1.167010781129999897e+00,1.269515930050000074e+00,9.593621104199999694e-01,1.124748975479999968e+00,1.137085008539999942e+00,1.122235494319999916e+00,1.086834648640000012e+00,1.419692570150000055e+00,1.249784567390000101e+00
1.088835451080000016e+00,1.001615416519999968e+00,9.982654584810000120e-01,1.150509008400000033e+00,9.214240303930000264e-01,1.193008399480000037e+00,1.221905842119999974e+00,1.150753920599999924e+00,0.000000000000000000e+00,3.049363629760000194e-01,1.054499626719999972e+00,1.093013921190000071e+00,1.312749183410000020e+00,1.302663134569999936e+00,1.018181723939999950e+00,1.051806901329999988e+00,1.372757760939999905e+00,1.028078945180000092e+00,1.188739132060000037e+00,1.221344643189999912e+00,9.978271217580000352e-01,1.041517943299999915e+00,1.453984597370000076e+00,8.945928118129999884e-01
1.036109641049999919e+00,9.942142617929999870e-01,1.014818895469999926e+00,1.141129546419999974e+00,9.250217900139999783e-01,1.169940069889999990e+00,1.230484198969999943e+00,1.141473867790000041e+00,3.049363629760000194e-01,0.000000000000000000e+00,1.115299166930000085e+00,1.071734865350000065e+00,1.334213088979999906e+00,1.296725001460000026e+00,1.037234772389999948e+00,1.135153237559999972e+00,1.391251377499999942e+00,1.105248138589999929e+00,1.234143425100000080e+00,1.227520402869999971e+00,1.041198015860000048e+00,1.062885660779999908e+00,1.436345622559999979e+00,7.829183874699999768e-01
1.162095925650000083e+00,1.246986154110000022e+00,1.060832530269999907e+00,1.100266537440000025e+00,1.018635349610000018e+00,1.034434317040000106e+00,1.118745561169999903e+00,9.506946171819999902e-01,1.054499626719999972e+00,1.115299166930000085e+00,0.000000000000000000e+00,1.136084282219999908e+00,1.491230535469999952e+00,1.373056524459999928e+00,1.032628097219999930e+00,1.055433506059999971e+00,1.192705848859999973e+00,1.078514531519999986e+00,1.169810378220000002e+00,1.108841267619999904e+00,1.139235882459999960e+00,1.106043329730000080e+00,1.430218286589999943e+00,1.261398416390000055e+00
8.935865402910000421e-01,1.042306310719999907e+00,9.667664900460000155e-01,8.861989016629999716e-01,9.977969833930000476e-01,1.023227748090000055e+00,1.574084343600000047e+00,1.025446783640000081e+00,1.093013921190000071e+00,1.071734865350000065e+00,1.136084282219999908e+00,0.000000000000000000e+00,1.182024783939999990e+00,1.286632475530000042e+00,9.481190847860000437e-01,9.086723393650000258e-01,1.337289219709999921e+00,8.703428134799999771e-01,1.050716364799999969e+00,1.162508085200000041e+00,9.877189478819999868e-01,8.834422665140000408e-01,1.064561320459999960e+00,7.351408049459999816e-01
1.186736362820000057e+00,1.187571977479999985e+00,1.570960304790000039e+00,1.430801047269999904e+00,1.508266418130000064e+00,1.538571380220000062e+00,1.587647234689999909e+00,1.520138900509999891e+00,1.312749183410000020e+00,1.334213088979999906e+00,1.491230535469999952e+00,1.182024783939999990e+00,0.000000000000000000e+00,7.815720187200000391e-01,1.236322338749999972e+00,1.229076816400000105e+00,1.277905046849999948e+00,1.486445379819999912e+00,1.165067549600000030e+00,1.224500841480000046e+00,1.360581163240000002e+00,1.418770556159999918e+00,1.240936981709999998e+00,1.250104356510000070e+00
1.377997450170000082e+00,1.421041259839999960e+00,1.439124607479999929e+00,1.532162717679999897e+00,1.491666725650000025e+00,1.476954300420000088e+00,1.613479428620000045e+00,1.558042736990000066e+00,1.302663134569999936e+00,1.296725001460000026e+00,1.373056524459999928e+00,1.286632475530000042e+00,7.815720187200000391e-01,0.000000000000000000e+00,1.300086600600000031e+00,1.353855781010000037e+00,1.268080111560000001e+00,1.360015390070000052e+00,1.269821747269999968e+00,1.290768691420000058e+00,1.331961826709999963e+00,1.442306225180000068e+00,1.480677464220000017e+00,1.180815035670000013e+00
1.190694738879999992e+00,1.227944150919999977e+00,1.106612527890000086e+00,9.906126297380000167e-01,9.616634213610000259e-01,1.151258750530000041e+00,1.514335202310000073e+00,1.141115907769999938e+00,1.018181723939999950e+00,1.037234772389999948e+00,1.032628097219999930e+00,9.481190847860000437e-01,1.236322338749999972e+00,1.300086600600000031e+00,0.000000000000000000e+00,3.933227000839999987e-01,1.296189704219999905e+00,1.032330163179999927e+00,1.348961714969999948e+00,1.168220099860000083e+00,6.793091342210000327e-01,7.754956245030000250e-01,1.052708427910000077e+00,1.127420709639999963e+00
1.128956110779999911e+00,1.091249529079999947e+00,1.071240307550000104e+00,9.163250677619999562e-01,9.226640284710000417e-01,1.122183638669999928e+00,1.578454215620000101e+00,1.167010781129999897e+00,1.051806901329999988e+00,1.135153237559999972e+00,1.055433506059999971e+00,9.086723393650000258e-01,1.229076816400000105e+00,1.353855781010000037e+00,3.933227000839999987e-01,0.000000000000000000e+00,1.371657622509999896e+00,9.509759676429999642e-01,1.379141416029999956e+00,1.106388258389999990e+00,7.493461811260000438e-01,6.358709721459999686e-01,1.071272284930000041e+00,1.102379190840000023e+00
1.068499782790000019e+00,1.084257905599999905e+00,1.297763575250000079e+00,1.280190860300000066e+00,1.378760376620000061e+00,1.219124299990000049e+00,1.026603545439999987e+00,1.269515930050000074e+00,1.372757760939999905e+00,1.391251377499999942e+00,1.192705848859999973e+00,1.337289219709999921e+00,1.277905046849999948e+00,1.268080111560000001e+00,1.296189704219999905e+00,1.371657622509999896e+00,0.000000000000000000e+00,1.257628032980000032e+00,1.221780078919999957e+00,7.210657309619999955e-01,1.172503007550000032e+00,1.402667741549999958e+00,1.427091919540000031e+00,1.293281944609999901e+00
1.128355099930000049e+00,1.050535191010000036e+00,1.045781437340000064e+00,9.619289383779999758e-01,7.753952417049999601e-01,9.569892969759999923e-01,1.428203957310000050e+00,9.593621104199999694e-01,1.028078945180000092e+00,1.105248138589999929e+00,1.078514531519999986e+00,8.703428134799999771e-01,1.486445379819999912e+00,1.360015390070000052e+00,1.032330163179999927e+00,9.509759676429999642e-01,1.257628032980000032e+00,0.000000000000000000e+00,1.132146034750000085e+00,1.180323154020000098e+00,8.356998151990000512e-01,7.541256210590000508e-01,1.199927679309999995e+00,1.088846528990000007e+00
6.980514866289999620e-01,1.150452898680000002e+00,1.029693024780000021e+00,1.007206093670000024e+00,1.127447932980000012e+00,9.913863890290000036e-01,1.675932749550000045e+00,1.124748975479999968e+00,1.188739132060000037e+00,1.234143425100000080e+00,1.169810378220000002e+00,1.050716364799999969e+00,1.165067549600000030e+00,1.269821747269999968e+00,1.348961714969999948e+00,1.379141416029999956e+00,1.221780078919999957e+00,1.132146034750000085e+00,0.000000000000000000e+00,1.037669109499999909e+00,1.330101738199999994e+00,1.314521951219999929e+00,1.341125932109999974e+00,1.236487312289999974e+00
8.002930966519999911e-01,1.255255993310000040e+00,1.044642976770000065e+00,9.180906418709999794e-01,1.154954272059999898e+00,1.036831480320000054e+00,1.209369106230000046e+00,1.137085008539999942e+00,1.221344643189999912e+00,1.227520402869999971e+00,1.108841267619999904e+00,1.162508085200000041e+00,1.224500841480000046e+00,1.290768691420000058e+00,1.168220099860000083e+00,1.106388258389999990e+00,7.210657309619999955e-01,1.180323154020000098e+00,1.037669109499999909e+00,0.000000000000000000e+00,1.159031912119999896e+00,1.100969967249999959e+00,1.316400293420000089e+00,1.244633206270000070e+00
1.227509503729999896e+00,1.281487828299999965e+00,1.138851305680000037e+00,1.066482582529999945e+00,1.037889191379999909e+00,1.078683150810000102e+00,1.497254640029999972e+00,1.122235494319999916e+00,9.978271217580000352e-01,1.041198015860000048e+00,1.139235882459999960e+00,9.877189478819999868e-01,1.360581163240000002e+00,1.331961826709999963e+00,6.793091342210000327e-01,7.493461811260000438e-01,1.172503007550000032e+00,8.356998151990000512e-01,1.330101738199999994e+00,1.159031912119999896e+00,0.000000000000000000e+00,8.296612376049999904e-01,1.262972537500000048e+00,1.100658500139999996e+00
1.158981255979999903e+00,1.048574329300000052e+00,1.101581174479999925e+00,9.755335041839999777e-01,7.884933838830000541e-01,1.069857604050000077e+00,1.662081523609999945e+00,1.086834648640000012e+00,1.041517943299999915e+00,1.062885660779999908e+00,1.106043329730000080e+00,8.834422665140000408e-01,1.418770556159999918e+00,1.442306225180000068e+00,7.754956245030000250e-01,6.358709721459999686e-01,1.402667741549999958e+00,7.541256210590000508e-01,1.314521951219999929e+00,1.100969967249999959e+00,8.296612376049999904e-01,0.000000000000000000e+00,1.273517526840000080e+00,1.087632517759999917e+00
1.271584530269999957e+00,1.426256241489999965e+00,1.302762184539999923e+00,1.263834271059999903e+00,1.390051505239999985e+00,1.396262068109999976e+00,1.711344474679999950e+00,1.419692570150000055e+00,1.453984597370000076e+00,1.436345622559999979e+00,1.430218286589999943e+00,1.064561320459999960e+00,1.240936981709999998e+00,1.480677464220000017e+00,1.052708427910000077e+00,1.071272284930000041e+00,1.427091919540000031e+00,1.199927679309999995e+00,1.341125932109999974e+00,1.316400293420000089e+00,1.262972537500000048e+00,1.273517526840000080e+00,0.000000000000000000e+00,1.397551563079999948e+00
1.172581357979999961e+00,1.138622307399999922e+00,1.127331775330000063e+00,1.078099343639999930e+00,1.166262178440000019e+00,1.141662895170000080e+00,1.415568340070000097e+00,1.249784567390000101e+00,8.945928118129999884e-01,7.829183874699999768e-01,1.261398416390000055e+00,7.351408049459999816e-01,1.250104356510000070e+00,1.180815035670000013e+00,1.127420709639999963e+00,1.102379190840000023e+00,1.293281944609999901e+00,1.088846528990000007e+00,1.236487312289999974e+00,1.244633206270000070e+00,1.100658500139999996e+00,1.087632517759999917e+00,1.397551563079999948e+00,0.000000000000000000e+00
