sample_index,source_index,energy_kcal_per_mol,source_file
0,0,-46.5315552000,W6_geoms_5.0_KCal-1hgztfv.txt
1,3,-46.0908012000,W6_geoms_5.0_KCal-1hgztfv.txt
2,7,-45.9105644000,W6_geoms_5.0_KCal-1hgztfv.txt
3,10,-45.6464653000,W6_geoms_5.0_KCal-1hgztfv.txt
4,14,-45.5610428000,W6_geoms_5.0_KCal-1hgztfv.txt
5,17,-45.2845001000,W6_geoms_5.0_KCal-1hgztfv.txt
6,21,-45.1675949000,W6_geoms_5.0_KCal-1hgztfv.txt
7,24,-44.8303146000,W6_geoms_5.0_KCal-1hgztfv.txt
8,27,-44.6163902000,W6_geoms_5.0_KCal-1hgztfv.txt
9,31,-44.4484749000,W6_geoms_5.0_KCal-1hgztfv.txt
10,34,-43.7666702000,W6_geoms_5.0_KCal-1hgztfv.txt
11,38,-43.4918518000,W6_geoms_5.0_KCal-1hgztfv.txt
12,41,-43.2963905000,W6_geoms_5.0_KCal-1hgztfv.txt
13,45,-43.1984177000,W6_geoms_5.0_KCal-1hgztfv.txt
14,48,-43.0837212000,W6_geoms_5.0_KCal-1hgztfv.txt
15,52,-42.9796715000,W6_geoms_5.0_KCal-1hgztfv.txt
16,55,-42.8795433000,W6_geoms_5.0_KCal-1hgztfv.txt
17,58,-42.6620064000,W6_geoms_5.0_KCal-1hgztfv.txt
18,62,-42.3856010000,W6_geoms_5.0_KCal-1hgztfv.txt
19,65,-42.3076630000,W6_geoms_5.0_KCal-1hgztfv.txt
20,69,-42.1440620000,W6_geoms_5.0_KCal-1hgztfv.txt
21,72,-42.1042900000,W6_geoms_5.0_KCal-1hgztfv.txt
22,76,-41.7508125000,W6_geoms_5.0_KCal-1hgztfv.txt
23,79,-41.5934715000,W6_geoms_5.0_KCal-1hgztfv.txt
