pair_id,structure_a,structure_b,label,confidence,provenance
pair_0001,C2H6O_1_conf1,transform_000,same_structure,high,constructed_rigid_transform_and_permutation
pair_0002,C2H6O_2_conf1,transform_001,same_structure,high,constructed_rigid_transform_and_permutation
pair_0003,C3H6O_1_conf1,transform_002,same_structure,high,constructed_rigid_transform_and_permutation
pair_0004,C3H6O_2_conf1,transform_003,same_structure,high,constructed_rigid_transform_and_permutation
pair_0005,C3H8O_1_conf1,transform_004,same_structure,high,constructed_rigid_transform_and_permutation
pair_0006,C3H8O_2_conf1,transform_005,same_structure,high,constructed_rigid_transform_and_permutation
pair_0007,C4H10O_1_conf1,transform_006,same_structure,high,constructed_rigid_transform_and_permutation
pair_0008,C4H10O_2_conf1,transform_007,same_structure,high,constructed_rigid_transform_and_permutation
pair_0009,C4H10_1_conf1,transform_008,same_structure,high,constructed_rigid_transform_and_permutation
pair_0010,C4H10_2_conf1,transform_009,same_structure,high,constructed_rigid_transform_and_permutation
pair_0011,C4H8O_ring_chain_1_conf1,transform_010,same_structure,high,constructed_rigid_transform_and_permutation
pair_0012,C4H8O_ring_chain_2_conf1,transform_011,same_structure,high,constructed_rigid_transform_and_permutation
pair_0013,C4H8_1_conf1,transform_012,same_structure,high,constructed_rigid_transform_and_permutation
pair_0014,C4H8_2_conf1,transform_013,same_structure,high,constructed_rigid_transform_and_permutation
pair_0015,C5H12_1_conf1,transform_014,same_structure,high,constructed_rigid_transform_and_permutation
pair_0016,C5H12_2_conf1,transform_015,same_structure,high,constructed_rigid_transform_and_permutation
pair_0017,C2H6O_1_conf1,transform_016,same_structure,high,constructed_rigid_transform_and_permutation
pair_0018,C2H6O_2_conf1,transform_017,same_structure,high,constructed_rigid_transform_and_permutation
pair_0019,C3H6O_1_conf1,transform_018,same_structure,high,constructed_rigid_transform_and_permutation
pair_0020,C3H6O_2_conf1,transform_019,same_structure,high,constructed_rigid_transform_and_permutation
pair_0021,C3H8O_1_conf1,transform_020,same_structure,high,constructed_rigid_transform_and_permutation
pair_0022,C3H8O_2_conf1,transform_021,same_structure,high,constructed_rigid_transform_and_permutation
pair_0023,C4H10O_1_conf1,transform_022,same_structure,high,constructed_rigid_transform_and_permutation
pair_0024,C4H10O_2_conf1,transform_023,same_structure,high,constructed_rigid_transform_and_permutation
pair_0025,C4H10_1_conf1,C4H10_2_conf1,different_connectivity,high,formula_matched_isomer_family:C4H10
pair_0026,C4H10_1_conf1,C4H10_2_conf2,different_connectivity,high,formula_matched_isomer_family:C4H10
pair_0027,C4H10_1_conf1,C4H10_2_conf3,different_connectivity,high,formula_matched_isomer_family:C4H10
pair_0028,C4H10_1_conf2,C4H10_2_conf1,different_connectivity,high,formula_matched_isomer_family:C4H10
pair_0029,C4H10_1_conf2,C4H10_2_conf2,different_connectivity,high,formula_matched_isomer_family:C4H10
pair_0030,C4H10_1_conf2,C4H10_2_conf3,different_connectivity,high,formula_matched_isomer_family:C4H10
pair_0031,C4H10_1_conf3,C4H10_2_conf1,different_connectivity,high,formula_matched_isomer_family:C4H10
pair_0032,C4H10_1_conf3,C4H10_2_conf2,different_connectivity,high,formula_matched_isomer_family:C4H10
pair_0033,C4H10_1_conf3,C4H10_2_conf3,different_connectivity,high,formula_matched_isomer_family:C4H10
pair_0034,C2H6O_1_conf1,C2H6O_2_conf1,different_connectivity,high,formula_matched_isomer_family:C2H6O
pair_0035,C2H6O_1_conf1,C2H6O_2_conf2,different_connectivity,high,formula_matched_isomer_family:C2H6O
pair_0036,C2H6O_1_conf1,C2H6O_2_conf3,different_connectivity,high,formula_matched_isomer_family:C2H6O
pair_0037,C2H6O_1_conf2,C2H6O_2_conf1,different_connectivity,high,formula_matched_isomer_family:C2H6O
pair_0038,C2H6O_1_conf2,C2H6O_2_conf2,different_connectivity,high,formula_matched_isomer_family:C2H6O
pair_0039,C2H6O_1_conf2,C2H6O_2_conf3,different_connectivity,high,formula_matched_isomer_family:C2H6O
pair_0040,C2H6O_1_conf3,C2H6O_2_conf1,different_connectivity,high,formula_matched_isomer_family:C2H6O
pair_0041,C2H6O_1_conf3,C2H6O_2_conf2,different_connectivity,high,formula_matched_isomer_family:C2H6O
pair_0042,C2H6O_1_conf3,C2H6O_2_conf3,different_connectivity,high,formula_matched_isomer_family:C2H6O
pair_0043,C3H8O_1_conf1,C3H8O_2_conf1,different_connectivity,high,formula_matched_isomer_family:C3H8O
pair_0044,C3H8O_1_conf1,C3H8O_2_conf2,different_connectivity,high,formula_matched_isomer_family:C3H8O
pair_0045,C3H8O_1_conf1,C3H8O_2_conf3,different_connectivity,high,formula_matched_isomer_family:C3H8O
pair_0046,C3H8O_1_conf2,C3H8O_2_conf1,different_connectivity,high,formula_matched_isomer_family:C3H8O
pair_0047,C3H8O_1_conf2,C3H8O_2_conf2,different_connectivity,high,formula_matched_isomer_family:C3H8O
pair_0048,C3H8O_1_conf2,C3H8O_2_conf3,different_connectivity,high,formula_matched_isomer_family:C3H8O
pair_0049,C3H8O_1_conf3,C3H8O_2_conf1,different_connectivity,high,formula_matched_isomer_family:C3H8O
pair_0050,C3H8O_1_conf3,C3H8O_2_conf2,different_connectivity,high,formula_matched_isomer_family:C3H8O
pair_0051,C3H8O_1_conf3,C3H8O_2_conf3,different_connectivity,high,formula_matched_isomer_family:C3H8O
pair_0052,C3H6O_1_conf1,C3H6O_2_conf1,different_connectivity,high,formula_matched_isomer_family:C3H6O
pair_0053,C3H6O_1_conf1,C3H6O_2_conf2,different_connectivity,high,formula_matched_isomer_family:C3H6O
pair_0054,C3H6O_1_conf1,C3H6O_2_conf3,different_connectivity,high,formula_matched_isomer_family:C3H6O
pair_0055,C3H6O_1_conf2,C3H6O_2_conf1,different_connectivity,high,formula_matched_isomer_family:C3H6O
pair_0056,C3H6O_1_conf2,C3H6O_2_conf2,different_connectivity,high,formula_matched_isomer_family:C3H6O
pair_0057,C3H6O_1_conf2,C3H6O_2_conf3,different_connectivity,high,formula_matched_isomer_family:C3H6O
pair_0058,C3H6O_1_conf3,C3H6O_2_conf1,different_connectivity,high,formula_matched_isomer_family:C3H6O
pair_0059,C3H6O_1_conf3,C3H6O_2_conf2,different_connectivity,high,formula_matched_isomer_family:C3H6O
pair_0060,C3H6O_1_conf3,C3H6O_2_conf3,different_connectivity,high,formula_matched_isomer_family:C3H6O
pair_0061,C4H8O_ring_chain_1_conf1,C4H8O_ring_chain_2_conf1,different_connectivity,high,formula_matched_isomer_family:C4H8O_ring_chain
pair_0062,C4H8O_ring_chain_1_conf1,C4H8O_ring_chain_2_conf2,different_connectivity,high,formula_matched_isomer_family:C4H8O_ring_chain
pair_0063,C4H8O_ring_chain_1_conf1,C4H8O_ring_chain_2_conf3,different_connectivity,high,formula_matched_isomer_family:C4H8O_ring_chain
pair_0064,C4H8O_ring_chain_1_conf2,C4H8O_ring_chain_2_conf1,different_connectivity,high,formula_matched_isomer_family:C4H8O_ring_chain
pair_0065,C4H8O_ring_chain_1_conf2,C4H8O_ring_chain_2_conf2,different_connectivity,high,formula_matched_isomer_family:C4H8O_ring_chain
pair_0066,C4H8O_ring_chain_1_conf2,C4H8O_ring_chain_2_conf3,different_connectivity,high,formula_matched_isomer_family:C4H8O_ring_chain
pair_0067,C4H8O_ring_chain_1_conf3,C4H8O_ring_chain_2_conf1,different_connectivity,high,formula_matched_isomer_family:C4H8O_ring_chain
pair_0068,C4H8O_ring_chain_1_conf3,C4H8O_ring_chain_2_conf2,different_connectivity,high,formula_matched_isomer_family:C4H8O_ring_chain
pair_0069,C4H8O_ring_chain_1_conf3,C4H8O_ring_chain_2_conf3,different_connectivity,high,formula_matched_isomer_family:C4H8O_ring_chain
pair_0070,C4H10O_1_conf1,C4H10O_2_conf1,different_connectivity,high,formula_matched_isomer_family:C4H10O
pair_0071,C4H10O_1_conf1,C4H10O_2_conf2,different_connectivity,high,formula_matched_isomer_family:C4H10O
pair_0072,C4H10O_1_conf1,C4H10O_2_conf3,different_connectivity,high,formula_matched_isomer_family:C4H10O
pair_0073,C4H10O_1_conf2,C4H10O_2_conf1,different_connectivity,high,formula_matched_isomer_family:C4H10O
pair_0074,C4H10O_1_conf2,C4H10O_2_conf2,different_connectivity,high,formula_matched_isomer_family:C4H10O
pair_0075,C4H10O_1_conf2,C4H10O_2_conf3,different_connectivity,high,formula_matched_isomer_family:C4H10O
pair_0076,C4H10O_1_conf3,C4H10O_2_conf1,different_connectivity,high,formula_matched_isomer_family:C4H10O
pair_0077,C4H10O_1_conf3,C4H10O_2_conf2,different_connectivity,high,formula_matched_isomer_family:C4H10O
pair_0078,C4H10O_1_conf3,C4H10O_2_conf3,different_connectivity,high,formula_matched_isomer_family:C4H10O
pair_0079,C5H12_1_conf1,C5H12_2_conf1,different_connectivity,high,formula_matched_isomer_family:C5H12
pair_0080,C5H12_1_conf1,C5H12_2_conf2,different_connectivity,high,formula_matched_isomer_family:C5H12
pair_0081,C5H12_1_conf1,C5H12_2_conf3,different_connectivity,high,formula_matched_isomer_family:C5H12
pair_0082,C5H12_1_conf2,C5H12_2_conf1,different_connectivity,high,formula_matched_isomer_family:C5H12
pair_0083,C5H12_1_conf2,C5H12_2_conf2,different_connectivity,high,formula_matched_isomer_family:C5H12
pair_0084,C5H12_1_conf2,C5H12_2_conf3,different_connectivity,high,formula_matched_isomer_family:C5H12
pair_0085,C5H12_1_conf3,C5H12_2_conf1,different_connectivity,high,formula_matched_isomer_family:C5H12
pair_0086,C5H12_1_conf3,C5H12_2_conf2,different_connectivity,high,formula_matched_isomer_family:C5H12
pair_0087,C5H12_1_conf3,C5H12_2_conf3,different_connectivity,high,formula_matched_isomer_family:C5H12
pair_0088,C4H8_1_conf1,C4H8_2_conf1,different_connectivity,high,formula_matched_isomer_family:C4H8
pair_0089,C4H8_1_conf1,C4H8_2_conf2,different_connectivity,high,formula_matched_isomer_family:C4H8
pair_0090,C4H8_1_conf1,C4H8_2_conf3,different_connectivity,high,formula_matched_isomer_family:C4H8
pair_0091,C4H8_1_conf2,C4H8_2_conf1,different_connectivity,high,formula_matched_isomer_family:C4H8
pair_0092,C4H8_1_conf2,C4H8_2_conf2,different_connectivity,high,formula_matched_isomer_family:C4H8
pair_0093,C4H8_1_conf2,C4H8_2_conf3,different_connectivity,high,formula_matched_isomer_family:C4H8
pair_0094,C4H8_1_conf3,C4H8_2_conf1,different_connectivity,high,formula_matched_isomer_family:C4H8
pair_0095,C4H8_1_conf3,C4H8_2_conf2,different_connectivity,high,formula_matched_isomer_family:C4H8
pair_0096,C4H8_1_conf3,C4H8_2_conf3,different_connectivity,high,formula_matched_isomer_family:C4H8
pair_0097,C4H10_1_conf1,C4H10_1_conf2,unreviewed_conformer_pair,medium,different_indexed_torsion_bins_not_validated_for_symmetry
pair_0098,C4H10_1_conf1,C4H10_1_conf3,unreviewed_conformer_pair,medium,different_indexed_torsion_bins_not_validated_for_symmetry
pair_0099,C4H10_1_conf2,C4H10_1_conf3,unreviewed_conformer_pair,medium,different_indexed_torsion_bins_not_validated_for_symmetry
pair_0100,C4H10_2_conf1,C4H10_2_conf2,unreviewed_conformer_pair,medium,different_indexed_torsion_bins_not_validated_for_symmetry
pair_0101,C4H10_2_conf1,C4H10_2_conf3,unreviewed_conformer_pair,medium,different_indexed_torsion_bins_not_validated_for_symmetry
pair_0102,C4H10_2_conf2,C4H10_2_conf3,unreviewed_conformer_pair,medium,different_indexed_torsion_bins_not_validated_for_symmetry
pair_0103,C2H6O_1_conf1,C2H6O_1_conf2,unreviewed_conformer_pair,medium,different_indexed_torsion_bins_not_validated_for_symmetry
pair_0104,C2H6O_1_conf1,C2H6O_1_conf3,unreviewed_conformer_pair,medium,different_indexed_torsion_bins_not_validated_for_symmetry
pair_0105,C2H6O_1_conf2,C2H6O_1_conf3,unreviewed_conformer_pair,medium,different_indexed_torsion_bins_not_validated_for_symmetry
pair_0106,C2H6O_2_conf1,C2H6O_2_conf2,unreviewed_conformer_pair,medium,different_indexed_torsion_bins_not_validated_for_symmetry
pair_0107,C2H6O_2_conf1,C2H6O_2_conf3,unreviewed_conformer_pair,medium,different_indexed_torsion_bins_not_validated_for_symmetry
pair_0108,C2H6O_2_conf2,C2H6O_2_conf3,unreviewed_conformer_pair,medium,different_indexed_torsion_bins_not_validated_for_symmetry
pair_0109,C3H8O_1_conf1,C3H8O_1_conf2,unreviewed_conformer_pair,medium,different_indexed_torsion_bins_not_validated_for_symmetry
pair_0110,C3H8O_1_conf1,C3H8O_1_conf3,unreviewed_conformer_pair,medium,different_indexed_torsion_bins_not_validated_for_symmetry
pair_0111,C3H8O_1_conf2,C3H8O_1_conf3,unreviewed_conformer_pair,medium,different_indexed_torsion_bins_not_validated_for_symmetry
pair_0112,C3H8O_2_conf1,C3H8O_2_conf2,unreviewed_conformer_pair,medium,different_indexed_torsion_bins_not_validated_for_symmetry
pair_0113,C3H8O_2_conf1,C3H8O_2_conf3,unreviewed_conformer_pair,medium,different_indexed_torsion_bins_not_validated_for_symmetry
pair_0114,C3H8O_2_conf2,C3H8O_2_conf3,unreviewed_conformer_pair,medium,different_indexed_torsion_bins_not_validated_for_symmetry
pair_0115,C3H6O_1_conf1,C3H6O_1_conf2,unreviewed_conformer_pair,medium,different_indexed_torsion_bins_not_validated_for_symmetry
pair_0116,C3H6O_1_conf1,C3H6O_1_conf3,unreviewed_conformer_pair,medium,different_indexed_torsion_bins_not_validated_for_symmetry
pair_0117,C3H6O_1_conf2,C3H6O_1_conf3,unreviewed_conformer_pair,medium,different_indexed_torsion_bins_not_validated_for_symmetry
pair_0118,C3H6O_2_conf1,C3H6O_2_conf2,unreviewed_conformer_pair,medium,different_indexed_torsion_bins_not_validated_for_symmetry
pair_0119,C3H6O_2_conf1,C3H6O_2_conf3,unreviewed_conformer_pair,medium,different_indexed_torsion_bins_not_validated_for_symmetry
pair_0120,C3H6O_2_conf2,C3H6O_2_conf3,unreviewed_conformer_pair,medium,different_indexed_torsion_bins_not_validated_for_symmetry
pair_0121,C4H8O_ring_chain_2_conf1,C4H8O_ring_chain_2_conf2,unreviewed_conformer_pair,medium,different_indexed_torsion_bins_not_validated_for_symmetry
pair_0122,C4H8O_ring_chain_2_conf1,C4H8O_ring_chain_2_conf3,unreviewed_conformer_pair,medium,different_indexed_torsion_bins_not_validated_for_symmetry
pair_0123,C4H8O_ring_chain_2_conf2,C4H8O_ring_chain_2_conf3,unreviewed_conformer_pair,medium,different_indexed_torsion_bins_not_validated_for_symmetry
pair_0124,C4H10O_1_conf1,C4H10O_1_conf2,unreviewed_conformer_pair,medium,different_indexed_torsion_bins_not_validated_for_symmetry
pair_0125,C4H10O_1_conf1,C4H10O_1_conf3,unreviewed_conformer_pair,medium,different_indexed_torsion_bins_not_validated_for_symmetry
pair_0126,C4H10O_1_conf2,C4H10O_1_conf3,unreviewed_conformer_pair,medium,different_indexed_torsion_bins_not_validated_for_symmetry
pair_0127,C4H10O_2_conf1,C4H10O_2_conf2,unreviewed_conformer_pair,medium,different_indexed_torsion_bins_not_validated_for_symmetry
pair_0128,C4H10O_2_conf1,C4H10O_2_conf3,unreviewed_conformer_pair,medium,different_indexed_torsion_bins_not_validated_for_symmetry
pair_0129,C4H10O_2_conf2,C4H10O_2_conf3,unreviewed_conformer_pair,medium,different_indexed_torsion_bins_not_validated_for_symmetry
pair_0130,C5H12_1_conf1,C5H12_1_conf2,unreviewed_conformer_pair,medium,different_indexed_torsion_bins_not_validated_for_symmetry
pair_0131,C5H12_1_conf1,C5H12_1_conf3,unreviewed_conformer_pair,medium,different_indexed_torsion_bins_not_validated_for_symmetry
pair_0132,C5H12_1_conf2,C5H12_1_conf3,unreviewed_conformer_pair,medium,different_indexed_torsion_bins_not_validated_for_symmetry
pair_0133,C5H12_2_conf1,C5H12_2_conf2,unreviewed_conformer_pair,medium,different_indexed_torsion_bins_not_validated_for_symmetry
pair_0134,C5H12_2_conf1,C5H12_2_conf3,unreviewed_conformer_pair,medium,different_indexed_torsion_bins_not_validated_for_symmetry
pair_0135,C5H12_2_conf2,C5H12_2_conf3,unreviewed_conformer_pair,medium,different_indexed_torsion_bins_not_validated_for_symmetry
pair_0136,C4H8_2_conf1,C4H8_2_conf2,unreviewed_conformer_pair,medium,different_indexed_torsion_bins_not_validated_for_symmetry
pair_0137,C4H8_2_conf1,C4H8_2_conf3,unreviewed_conformer_pair,medium,different_indexed_torsion_bins_not_validated_for_symmetry
pair_0138,C4H8_2_conf2,C4H8_2_conf3,unreviewed_conformer_pair,medium,different_indexed_torsion_bins_not_validated_for_symmetry
pair_0139,C2H6O_1_conf1,nearby_ambiguous_000,ambiguous,low,small_unoptimized_cartesian_perturbation
pair_0140,C2H6O_2_conf1,nearby_ambiguous_001,ambiguous,low,small_unoptimized_cartesian_perturbation
pair_0141,C3H6O_1_conf1,nearby_ambiguous_002,ambiguous,low,small_unoptimized_cartesian_perturbation
pair_0142,C3H6O_2_conf1,nearby_ambiguous_003,ambiguous,low,small_unoptimized_cartesian_perturbation
pair_0143,C3H8O_1_conf1,nearby_ambiguous_004,ambiguous,low,small_unoptimized_cartesian_perturbation
pair_0144,C3H8O_2_conf1,nearby_ambiguous_005,ambiguous,low,small_unoptimized_cartesian_perturbation
pair_0145,C4H10O_1_conf1,nearby_ambiguous_006,ambiguous,low,small_unoptimized_cartesian_perturbation
pair_0146,C4H10O_2_conf1,nearby_ambiguous_007,ambiguous,low,small_unoptimized_cartesian_perturbation
pair_0147,C4H10_1_conf1,nearby_ambiguous_008,ambiguous,low,small_unoptimized_cartesian_perturbation
pair_0148,C4H10_2_conf1,nearby_ambiguous_009,ambiguous,low,small_unoptimized_cartesian_perturbation
pair_0149,C4H8O_ring_chain_1_conf1,nearby_ambiguous_010,ambiguous,low,small_unoptimized_cartesian_perturbation
pair_0150,C4H8O_ring_chain_2_conf1,nearby_ambiguous_011,ambiguous,low,small_unoptimized_cartesian_perturbation
pair_0151,au13_ico,au13_ico_rotperm,same_structure,high,atomic_cluster_rigid_transform_and_permutation
pair_0152,au13_ico,au13_cubocta,different_cluster_motif,medium,idealized_icosahedral_vs_cuboctahedral_13_site_geometry
pair_0153,au13_ico,au13_ico_distorted,distorted_cluster,medium,cartesian_noise_sigma_0.18_angstrom
pair_0154,au13_ico,ar13_ico,different_composition,high,same_icosahedral_geometry_different_element
pair_0155,water_dimer_hbond,water_dimer_hbond_fragperm,same_structure,high,whole_water_monomer_permutation
pair_0156,water_dimer_hbond,water_dimer_side,different_cluster_arrangement,medium,constructed_hbond_vs_side_by_side_water_dimer
pair_0157,water_trimer_ring,water_trimer_chain,different_cluster_arrangement,medium,constructed_cyclic_vs_chain_water_trimer
pair_0158,C2H6O_1_conf1,distorted_C2H6O_1_noise05,coordinate_perturbation,medium,source_geometry_cartesian_noise_sigma_0.05_angstrom
pair_0159,C2H6O_1_conf1,distorted_C2H6O_1_noise15,coordinate_perturbation,medium,source_geometry_cartesian_noise_sigma_0.15_angstrom
pair_0160,C2H6O_1_conf1,distorted_C2H6O_1_noise35,coordinate_perturbation,medium,source_geometry_cartesian_noise_sigma_0.35_angstrom
pair_0161,C2H6O_1_conf1,distorted_C2H6O_1_noise65,coordinate_perturbation,medium,source_geometry_cartesian_noise_sigma_0.65_angstrom
pair_0162,C2H6O_2_conf1,distorted_C2H6O_2_noise05,coordinate_perturbation,medium,source_geometry_cartesian_noise_sigma_0.05_angstrom
pair_0163,C2H6O_2_conf1,distorted_C2H6O_2_noise15,coordinate_perturbation,medium,source_geometry_cartesian_noise_sigma_0.15_angstrom
pair_0164,C2H6O_2_conf1,distorted_C2H6O_2_noise35,coordinate_perturbation,medium,source_geometry_cartesian_noise_sigma_0.35_angstrom
pair_0165,C2H6O_2_conf1,distorted_C2H6O_2_noise65,coordinate_perturbation,medium,source_geometry_cartesian_noise_sigma_0.65_angstrom
pair_0166,C3H6O_1_conf1,distorted_C3H6O_1_noise05,coordinate_perturbation,medium,source_geometry_cartesian_noise_sigma_0.05_angstrom
pair_0167,C3H6O_1_conf1,distorted_C3H6O_1_noise15,coordinate_perturbation,medium,source_geometry_cartesian_noise_sigma_0.15_angstrom
pair_0168,C3H6O_1_conf1,distorted_C3H6O_1_noise35,coordinate_perturbation,medium,source_geometry_cartesian_noise_sigma_0.35_angstrom
pair_0169,C3H6O_1_conf1,distorted_C3H6O_1_noise65,coordinate_perturbation,medium,source_geometry_cartesian_noise_sigma_0.65_angstrom
pair_0170,C3H6O_2_conf1,distorted_C3H6O_2_noise05,coordinate_perturbation,medium,source_geometry_cartesian_noise_sigma_0.05_angstrom
pair_0171,C3H6O_2_conf1,distorted_C3H6O_2_noise15,coordinate_perturbation,medium,source_geometry_cartesian_noise_sigma_0.15_angstrom
pair_0172,C3H6O_2_conf1,distorted_C3H6O_2_noise35,coordinate_perturbation,medium,source_geometry_cartesian_noise_sigma_0.35_angstrom
pair_0173,C3H6O_2_conf1,distorted_C3H6O_2_noise65,coordinate_perturbation,medium,source_geometry_cartesian_noise_sigma_0.65_angstrom
pair_0174,C3H8O_1_conf1,distorted_C3H8O_1_noise05,coordinate_perturbation,medium,source_geometry_cartesian_noise_sigma_0.05_angstrom
pair_0175,C3H8O_1_conf1,distorted_C3H8O_1_noise15,coordinate_perturbation,medium,source_geometry_cartesian_noise_sigma_0.15_angstrom
pair_0176,C3H8O_1_conf1,distorted_C3H8O_1_noise35,coordinate_perturbation,medium,source_geometry_cartesian_noise_sigma_0.35_angstrom
pair_0177,C3H8O_1_conf1,distorted_C3H8O_1_noise65,coordinate_perturbation,medium,source_geometry_cartesian_noise_sigma_0.65_angstrom
pair_0178,C3H8O_2_conf1,distorted_C3H8O_2_noise05,coordinate_perturbation,medium,source_geometry_cartesian_noise_sigma_0.05_angstrom
pair_0179,C3H8O_2_conf1,distorted_C3H8O_2_noise15,coordinate_perturbation,medium,source_geometry_cartesian_noise_sigma_0.15_angstrom
pair_0180,C3H8O_2_conf1,distorted_C3H8O_2_noise35,coordinate_perturbation,medium,source_geometry_cartesian_noise_sigma_0.35_angstrom
pair_0181,C3H8O_2_conf1,distorted_C3H8O_2_noise65,coordinate_perturbation,medium,source_geometry_cartesian_noise_sigma_0.65_angstrom
pair_0182,C4H10O_1_conf1,distorted_C4H10O_1_noise05,coordinate_perturbation,medium,source_geometry_cartesian_noise_sigma_0.05_angstrom
pair_0183,C4H10O_1_conf1,distorted_C4H10O_1_noise15,coordinate_perturbation,medium,source_geometry_cartesian_noise_sigma_0.15_angstrom
pair_0184,C4H10O_1_conf1,distorted_C4H10O_1_noise35,coordinate_perturbation,medium,source_geometry_cartesian_noise_sigma_0.35_angstrom
pair_0185,C4H10O_1_conf1,distorted_C4H10O_1_noise65,coordinate_perturbation,medium,source_geometry_cartesian_noise_sigma_0.65_angstrom
pair_0186,C4H10O_2_conf1,distorted_C4H10O_2_noise05,coordinate_perturbation,medium,source_geometry_cartesian_noise_sigma_0.05_angstrom
pair_0187,C4H10O_2_conf1,distorted_C4H10O_2_noise15,coordinate_perturbation,medium,source_geometry_cartesian_noise_sigma_0.15_angstrom
pair_0188,C4H10O_2_conf1,distorted_C4H10O_2_noise35,coordinate_perturbation,medium,source_geometry_cartesian_noise_sigma_0.35_angstrom
pair_0189,C4H10O_2_conf1,distorted_C4H10O_2_noise65,coordinate_perturbation,medium,source_geometry_cartesian_noise_sigma_0.65_angstrom
