algorithm_requested,feature_requested,selected_count,basins_retained,reference_basin_count,retention_fraction,mean_nearest_indexed_heavy_atom_rmsd_angstrom,max_nearest_indexed_heavy_atom_rmsd_angstrom,runtime_seconds,algorithm_used,feature_used
hybrid,mbtr,12,12,98,0.12244897959183673,1.1053702553672706,1.8364171047342512,4.472398842000985,hdbscan,mbtr
hybrid,soap,12,12,98,0.12244897959183673,1.1611105536188853,1.9552493916068538,0.1807002760033356,hdbscan,soap
hybrid,distance-histogram,12,12,98,0.12244897959183673,1.2632529118869917,2.1766291315301545,0.1925238729963894,hdbscan,distance-histogram
agglomerative,mbtr,12,12,98,0.12244897959183673,1.1243943822156568,1.7736760317847264,3.811195554997539,agglomerative,mbtr
agglomerative,soap,12,12,98,0.12244897959183673,1.1378023548711578,1.8742183145983347,0.1450276550021954,agglomerative,soap
agglomerative,distance-histogram,12,12,98,0.12244897959183673,1.250735338849088,2.2879280733121767,0.18875037899852032,agglomerative,distance-histogram
dbscan,mbtr,12,12,98,0.12244897959183673,1.1188809552024064,1.8364171047342512,3.799390503001632,dbscan,mbtr
dbscan,soap,12,12,98,0.12244897959183673,1.1488199743239715,1.9552493916068538,0.14890973399451468,dbscan,soap
dbscan,distance-histogram,12,12,98,0.12244897959183673,1.2632529118869917,2.1766291315301545,0.1874807329950272,dbscan,distance-histogram
optics,mbtr,12,12,98,0.12244897959183673,1.0987552640559375,1.7736760317847264,6.56453159499506,optics,mbtr
optics,soap,12,12,98,0.12244897959183673,1.1883623190002617,1.9176451975765645,0.4384855130047072,optics,soap
optics,distance-histogram,12,12,98,0.12244897959183673,1.2138522716200506,2.0711577733013917,0.2232956700026989,optics,distance-histogram
maxmin,mbtr,12,12,98,0.12244897959183673,1.1053702553672706,1.8364171047342512,3.891842151999299,hdbscan,mbtr
maxmin,soap,12,12,98,0.12244897959183673,1.1611105536188853,1.9552493916068538,0.2065775420051068,hdbscan,soap
maxmin,distance-histogram,12,12,98,0.12244897959183673,1.2632529118869917,2.1766291315301545,0.19199245500203688,hdbscan,distance-histogram
