dataset,algorithm_requested,algorithm_recorded,algorithm_used,feature_requested,feature_used,input_count,reference_basin_count,same_basin_pairs,different_basin_pairs,basins_retained,maximum_distinct_basins_with_seed_budget,seed_budget_basin_efficiency,tp,fp,fn,tn,sensitivity,specificity,precision,false_positive_rate,false_discovery_rate,miss_rate,f1
CAMVES_I,auto,hybrid,hdbscan,mbtr,mbtr,10,4,16,29,3,4,0.75,7,2,9,27,0.4375,0.9310344827586207,0.7777777777777778,0.06896551724137931,0.2222222222222222,0.5625,0.56
CAMVES_I,auto,hybrid,hdbscan,soap,soap,10,4,16,29,3,4,0.75,7,2,9,27,0.4375,0.9310344827586207,0.7777777777777778,0.06896551724137931,0.2222222222222222,0.5625,0.56
CAMVES_I,auto,hybrid,hdbscan,distance-histogram,distance-histogram,10,4,16,29,3,4,0.75,4,2,12,27,0.25,0.9310344827586207,0.6666666666666666,0.06896551724137931,0.3333333333333333,0.75,0.36363636363636365
CAMVES_I,agglomerative,agglomerative,agglomerative,mbtr,mbtr,10,4,16,29,4,4,1.0,0,0,16,29,0.0,1.0,,0.0,,1.0,0.0
CAMVES_I,agglomerative,agglomerative,agglomerative,soap,soap,10,4,16,29,4,4,1.0,0,0,16,29,0.0,1.0,,0.0,,1.0,0.0
CAMVES_I,agglomerative,agglomerative,agglomerative,distance-histogram,distance-histogram,10,4,16,29,4,4,1.0,0,0,16,29,0.0,1.0,,0.0,,1.0,0.0
CAMVES_I,dbscan,dbscan,dbscan,mbtr,mbtr,10,4,16,29,4,4,1.0,3,0,13,29,0.1875,1.0,1.0,0.0,0.0,0.8125,0.3157894736842105
CAMVES_I,dbscan,dbscan,dbscan,soap,soap,10,4,16,29,3,4,0.75,3,2,13,27,0.1875,0.9310344827586207,0.6,0.06896551724137931,0.4,0.8125,0.2857142857142857
CAMVES_I,dbscan,dbscan,dbscan,distance-histogram,distance-histogram,10,4,16,29,4,4,1.0,4,0,12,29,0.25,1.0,1.0,0.0,0.0,0.75,0.4
CAMVES_I,optics,optics,optics,mbtr,mbtr,10,4,16,29,3,4,0.75,4,2,12,27,0.25,0.9310344827586207,0.6666666666666666,0.06896551724137931,0.3333333333333333,0.75,0.36363636363636365
CAMVES_I,optics,optics,optics,soap,soap,10,4,16,29,3,4,0.75,4,2,12,27,0.25,0.9310344827586207,0.6666666666666666,0.06896551724137931,0.3333333333333333,0.75,0.36363636363636365
CAMVES_I,optics,optics,optics,distance-histogram,distance-histogram,10,4,16,29,3,4,0.75,4,2,12,27,0.25,0.9310344827586207,0.6666666666666666,0.06896551724137931,0.3333333333333333,0.75,0.36363636363636365
CAMVES_I,maxmin,maxmin,hdbscan,mbtr,mbtr,10,4,16,29,3,4,0.75,7,2,9,27,0.4375,0.9310344827586207,0.7777777777777778,0.06896551724137931,0.2222222222222222,0.5625,0.56
CAMVES_I,maxmin,maxmin,hdbscan,soap,soap,10,4,16,29,3,4,0.75,7,2,9,27,0.4375,0.9310344827586207,0.7777777777777778,0.06896551724137931,0.2222222222222222,0.5625,0.56
CAMVES_I,maxmin,maxmin,hdbscan,distance-histogram,distance-histogram,10,4,16,29,3,4,0.75,4,2,12,27,0.25,0.9310344827586207,0.6666666666666666,0.06896551724137931,0.3333333333333333,0.75,0.36363636363636365
FGG55,auto,hybrid,hdbscan,mbtr,mbtr,127,98,36,7965,12,12,1.0,31,173,5,7792,0.8611111111111112,0.9782799748901444,0.15196078431372548,0.021720025109855618,0.8480392156862745,0.1388888888888889,0.25833333333333336
FGG55,auto,hybrid,hdbscan,soap,soap,127,98,36,7965,12,12,1.0,28,152,8,7813,0.7777777777777778,0.980916509730069,0.15555555555555556,0.019083490269930947,0.8444444444444444,0.2222222222222222,0.25925925925925924
FGG55,auto,hybrid,hdbscan,distance-histogram,distance-histogram,127,98,36,7965,12,12,1.0,33,4537,3,3428,0.9166666666666666,0.4303829252981795,0.007221006564551422,0.5696170747018204,0.9927789934354486,0.08333333333333333,0.014329135909683021
FGG55,agglomerative,agglomerative,agglomerative,mbtr,mbtr,127,98,36,7965,12,12,1.0,36,1570,0,6395,1.0,0.802887633396108,0.0224159402241594,0.19711236660389203,0.9775840597758406,0.0,0.0438489646772229
FGG55,agglomerative,agglomerative,agglomerative,soap,soap,127,98,36,7965,12,12,1.0,36,1462,0,6503,1.0,0.8164469554300062,0.02403204272363151,0.18355304456999372,0.9759679572763685,0.0,0.0469361147327249
FGG55,agglomerative,agglomerative,agglomerative,distance-histogram,distance-histogram,127,98,36,7965,12,12,1.0,36,5867,0,2098,1.0,0.26340238543628375,0.006098593935287142,0.7365976145637163,0.9939014060647129,0.0,0.012123253072907897
FGG55,dbscan,dbscan,dbscan,mbtr,mbtr,127,98,36,7965,12,12,1.0,34,416,2,7549,0.9444444444444444,0.9477715003138732,0.07555555555555556,0.052228499686126806,0.9244444444444444,0.05555555555555555,0.13991769547325103
FGG55,dbscan,dbscan,dbscan,soap,soap,127,98,36,7965,12,12,1.0,36,112,0,7853,1.0,0.9859384808537351,0.24324324324324326,0.01406151914626491,0.7567567567567568,0.0,0.391304347826087
FGG55,dbscan,dbscan,dbscan,distance-histogram,distance-histogram,127,98,36,7965,12,12,1.0,32,2916,4,5049,0.8888888888888888,0.6338983050847458,0.010854816824966078,0.36610169491525424,0.989145183175034,0.1111111111111111,0.021447721179624665
FGG55,optics,optics,optics,mbtr,mbtr,127,98,36,7965,12,12,1.0,33,63,3,7902,0.9166666666666666,0.992090395480226,0.34375,0.007909604519774011,0.65625,0.08333333333333333,0.5
FGG55,optics,optics,optics,soap,soap,127,98,36,7965,12,12,1.0,30,72,6,7893,0.8333333333333334,0.9909604519774011,0.29411764705882354,0.00903954802259887,0.7058823529411765,0.16666666666666666,0.43478260869565216
FGG55,optics,optics,optics,distance-histogram,distance-histogram,127,98,36,7965,12,12,1.0,19,30,17,7935,0.5277777777777778,0.9962335216572504,0.3877551020408163,0.003766478342749529,0.6122448979591837,0.4722222222222222,0.4470588235294118
FGG55,maxmin,maxmin,hdbscan,mbtr,mbtr,127,98,36,7965,12,12,1.0,31,173,5,7792,0.8611111111111112,0.9782799748901444,0.15196078431372548,0.021720025109855618,0.8480392156862745,0.1388888888888889,0.25833333333333336
FGG55,maxmin,maxmin,hdbscan,soap,soap,127,98,36,7965,12,12,1.0,28,152,8,7813,0.7777777777777778,0.980916509730069,0.15555555555555556,0.019083490269930947,0.8444444444444444,0.2222222222222222,0.25925925925925924
FGG55,maxmin,maxmin,hdbscan,distance-histogram,distance-histogram,127,98,36,7965,12,12,1.0,33,4537,3,3428,0.9166666666666666,0.4303829252981795,0.007221006564551422,0.5696170747018204,0.9927789934354486,0.08333333333333333,0.014329135909683021
WG01,auto,hybrid,hdbscan,mbtr,mbtr,72,43,39,2517,7,12,0.5833333333333334,37,1057,2,1460,0.9487179487179487,0.5800556217719507,0.033820840950639856,0.41994437822804925,0.9661791590493601,0.05128205128205128,0.06531332744924978
WG01,auto,hybrid,hdbscan,soap,soap,72,43,39,2517,12,12,1.0,38,100,1,2417,0.9743589743589743,0.9602701628923321,0.2753623188405797,0.03972983710766786,0.7246376811594203,0.02564102564102564,0.4293785310734463
WG01,auto,hybrid,hdbscan,distance-histogram,distance-histogram,72,43,39,2517,12,12,1.0,38,1565,1,952,0.9743589743589743,0.37822804926499803,0.023705552089831567,0.621771950735002,0.9762944479101684,0.02564102564102564,0.04628501827040195
WG01,agglomerative,agglomerative,agglomerative,mbtr,mbtr,72,43,39,2517,11,12,0.9166666666666666,38,479,1,2038,0.9743589743589743,0.8096940802542709,0.0735009671179884,0.19030591974572905,0.9264990328820116,0.02564102564102564,0.1366906474820144
WG01,agglomerative,agglomerative,agglomerative,soap,soap,72,43,39,2517,12,12,1.0,39,215,0,2302,1.0,0.9145808502185141,0.15354330708661418,0.08541914978148589,0.8464566929133859,0.0,0.26621160409556316
WG01,agglomerative,agglomerative,agglomerative,distance-histogram,distance-histogram,72,43,39,2517,12,12,1.0,38,1510,1,1007,0.9743589743589743,0.4000794596742153,0.02454780361757106,0.5999205403257847,0.975452196382429,0.02564102564102564,0.04788909892879647
WG01,dbscan,dbscan,dbscan,mbtr,mbtr,72,43,39,2517,11,12,0.9166666666666666,33,131,6,2386,0.8461538461538461,0.9479539133889551,0.20121951219512196,0.052046086611044894,0.7987804878048781,0.15384615384615385,0.3251231527093596
WG01,dbscan,dbscan,dbscan,soap,soap,72,43,39,2517,12,12,1.0,35,25,4,2492,0.8974358974358975,0.990067540723083,0.5833333333333334,0.009932459276916964,0.4166666666666667,0.10256410256410256,0.7070707070707071
WG01,dbscan,dbscan,dbscan,distance-histogram,distance-histogram,72,43,39,2517,11,12,0.9166666666666666,36,1191,3,1326,0.9230769230769231,0.5268176400476758,0.029339853300733496,0.4731823599523242,0.9706601466992665,0.07692307692307693,0.05687203791469194
WG01,optics,optics,optics,mbtr,mbtr,72,43,39,2517,11,12,0.9166666666666666,30,15,9,2502,0.7692307692307693,0.9940405244338498,0.6666666666666666,0.0059594755661501785,0.3333333333333333,0.23076923076923078,0.7142857142857143
WG01,optics,optics,optics,soap,soap,72,43,39,2517,12,12,1.0,37,16,2,2501,0.9487179487179487,0.9936432260627731,0.6981132075471698,0.006356773937226857,0.3018867924528302,0.05128205128205128,0.8043478260869565
WG01,optics,optics,optics,distance-histogram,distance-histogram,72,43,39,2517,12,12,1.0,24,17,15,2500,0.6153846153846154,0.9932459276916965,0.5853658536585366,0.006754072308303536,0.4146341463414634,0.38461538461538464,0.6
WG01,maxmin,maxmin,hdbscan,mbtr,mbtr,72,43,39,2517,7,12,0.5833333333333334,37,1057,2,1460,0.9487179487179487,0.5800556217719507,0.033820840950639856,0.41994437822804925,0.9661791590493601,0.05128205128205128,0.06531332744924978
WG01,maxmin,maxmin,hdbscan,soap,soap,72,43,39,2517,12,12,1.0,38,100,1,2417,0.9743589743589743,0.9602701628923321,0.2753623188405797,0.03972983710766786,0.7246376811594203,0.02564102564102564,0.4293785310734463
WG01,maxmin,maxmin,hdbscan,distance-histogram,distance-histogram,72,43,39,2517,12,12,1.0,38,1565,1,952,0.9743589743589743,0.37822804926499803,0.023705552089831567,0.621771950735002,0.9762944479101684,0.02564102564102564,0.04628501827040195
