algorithm_requested,feature_requested,macro_sensitivity,macro_specificity,macro_precision,macro_false_positive_rate,macro_false_discovery_rate,macro_miss_rate,macro_f1,macro_seed_budget_basin_efficiency
auto,mbtr,0.7491096866096866,0.8297900264735719,0.3211864676807144,0.17020997352642805,0.6788135323192855,0.25089031339031337,0.29454888692752773,0.7777777777777778
auto,soap,0.7298789173789174,0.957407051793674,0.4028985507246377,0.04259294820632604,0.5971014492753622,0.27012108262108264,0.41621259677756856,0.9166666666666666
auto,distance-histogram,0.7136752136752137,0.5798818191072661,0.23253107510701654,0.42011818089273395,0.7674689248929835,0.28632478632478636,0.14141683927214954,0.9166666666666666
agglomerative,mbtr,0.6581196581196581,0.8708605712167931,0.0479584536710739,0.12913942878320703,0.9520415463289261,0.34188034188034183,0.060179870719745766,0.9722222222222222
agglomerative,soap,0.6666666666666666,0.9103426018828401,0.08878767490512285,0.08965739811715988,0.9112123250948772,0.3333333333333333,0.1043825729427627,1.0
agglomerative,distance-histogram,0.6581196581196581,0.5544939483701663,0.015323198776429101,0.4455060516298337,0.9846768012235709,0.34188034188034183,0.020004117333901453,1.0
dbscan,mbtr,0.6593660968660968,0.9652418045676096,0.42559168925022584,0.034758195432390566,0.5744083107497742,0.3406339031339032,0.26027677395560705,0.9722222222222222
dbscan,soap,0.6949786324786325,0.9690135014451462,0.4755255255255255,0.03098649855485373,0.5244744744744746,0.3050213675213675,0.4613631135370266,0.9166666666666666
dbscan,distance-histogram,0.6873219373219372,0.720238648377474,0.3467315567085665,0.27976135162252613,0.6532684432914335,0.3126780626780627,0.15943991969810553,0.9722222222222222
optics,mbtr,0.6452991452991452,0.9723884675575655,0.5590277777777777,0.0276115324424345,0.44097222222222215,0.3547008547008547,0.525974025974026,0.8888888888888888
optics,soap,0.6773504273504273,0.9718793869329315,0.5529658404242199,0.02812061306706835,0.44703415957578,0.32264957264957267,0.5342555994729908,0.9166666666666666
optics,distance-histogram,0.46438746438746437,0.9735046440358559,0.5465958741220066,0.026495355964144124,0.45340412587799345,0.5356125356125356,0.47023172905525845,0.9166666666666666
maxmin,mbtr,0.7491096866096866,0.8297900264735719,0.3211864676807144,0.17020997352642805,0.6788135323192855,0.25089031339031337,0.29454888692752773,0.7777777777777778
maxmin,soap,0.7298789173789174,0.957407051793674,0.4028985507246377,0.04259294820632604,0.5971014492753622,0.27012108262108264,0.41621259677756856,0.9166666666666666
maxmin,distance-histogram,0.7136752136752137,0.5798818191072661,0.23253107510701654,0.42011818089273395,0.7674689248929835,0.28632478632478636,0.14141683927214954,0.9166666666666666
