source_id,mainfile,upload_id,license,final_force_maximum_ev_per_angstrom,final_energy_difference_ev,final_displacement_maximum_angstrom,energy,energy_unit,coordinate_unit,label
-jbtspZ0dQKQqaGCPdqDYJH4RUkF,Au/13/3/vasprun.xml,Q-9qzQI7Q72ZaUm9sXjYTg,CC BY 4.0,0.02252974155338893,0.0002572399999978811,0.0059647593421291506,-29.79009331,eV,angstrom,-jbtspZ0dQKQqaGCPdqDYJH4RUkF
0D_KzxSYCjTvh00U_O4bM3yzHpqS,Au/13/17/vasprun.xml,Q-9qzQI7Q72ZaUm9sXjYTg,CC BY 4.0,0.021112356969151973,0.000318560000000185,0.00474325826976126,-29.36262539,eV,angstrom,0D_KzxSYCjTvh00U_O4bM3yzHpqS
1U6yghpe35SxZt1qnOJ5TLMVKAS_,Au/13/11/vasprun.xml,Q-9qzQI7Q72ZaUm9sXjYTg,CC BY 4.0,0.01819880988016799,0.00028121999999898746,0.004200901099429248,-29.59886579,eV,angstrom,1U6yghpe35SxZt1qnOJ5TLMVKAS_
6sNKArEOGOhVyftHO2ZTAetGgY3x,Au/13/9/vasprun.xml,Q-9qzQI7Q72ZaUm9sXjYTg,CC BY 4.0,0.019753412134054207,0.0004923500000016828,0.007121005295442137,-29.6585986,eV,angstrom,6sNKArEOGOhVyftHO2ZTAetGgY3x
8USFHdUbO2Q_jNiN92VCd93rDlk7,Au/13/29/vasprun.xml,Q-9qzQI7Q72ZaUm9sXjYTg,CC BY 4.0,0.009633882416668784,8.582000000270846e-05,0.0001883496006986884,-28.805166420000003,eV,angstrom,8USFHdUbO2Q_jNiN92VCd93rDlk7
8sjVqZMEEUJXCkEYENXZToXztSW_,Au/13/25/vasprun.xml,Q-9qzQI7Q72ZaUm9sXjYTg,CC BY 4.0,0.02327596041115382,8.01000000537035e-06,0.0012069913229499384,-29.0988207,eV,angstrom,8sjVqZMEEUJXCkEYENXZToXztSW_
A2PAApKZtQYgPL9XX03SuEVVYTzC,Au/13/30/vasprun.xml,Q-9qzQI7Q72ZaUm9sXjYTg,CC BY 4.0,0.018539101500075456,,,-27.33241725,eV,angstrom,A2PAApKZtQYgPL9XX03SuEVVYTzC
ABzkLyC3JahV5g9QzHM08RvL0EW8,Au/13/21/vasprun.xml,Q-9qzQI7Q72ZaUm9sXjYTg,CC BY 4.0,0.018878051203998783,0.00048145000000030566,0.005543194420947751,-29.8189785,eV,angstrom,ABzkLyC3JahV5g9QzHM08RvL0EW8
BVBUfv46UIKHFv6v-AWoSPa_Bwq-,Au/13/2/vasprun.xml,Q-9qzQI7Q72ZaUm9sXjYTg,CC BY 4.0,0.023015452850285174,0.00012891999999761094,0.0012594032193340757,-29.804160919999998,eV,angstrom,BVBUfv46UIKHFv6v-AWoSPa_Bwq-
ExPbkuS1FV9RQGy6EkOvF-66fVme,Au/13/26/vasprun.xml,Q-9qzQI7Q72ZaUm9sXjYTg,CC BY 4.0,0.02474556386374535,0.00014282999999927135,0.0012977574931076978,-29.01075994,eV,angstrom,ExPbkuS1FV9RQGy6EkOvF-66fVme
JTrC5v5Ytdy9f0UhIHdLTAHglhqf,Au/13/19/vasprun.xml,Q-9qzQI7Q72ZaUm9sXjYTg,CC BY 4.0,0.02409251705558802,0.0002483299999964995,0.001507129810847951,-29.322052639999995,eV,angstrom,JTrC5v5Ytdy9f0UhIHdLTAHglhqf
JiDz2_h6D01xSlKwZggWUSsN0Vru,Au/13/1/vasprun.xml,Q-9qzQI7Q72ZaUm9sXjYTg,CC BY 4.0,0.02270895084270957,0.00019598999999927383,0.0041078148176064535,-29.92189058,eV,angstrom,JiDz2_h6D01xSlKwZggWUSsN0Vru
OJ4z1DmLES-BRwrK5pdOKWm0AlZ7,Au/13/6/vasprun.xml,Q-9qzQI7Q72ZaUm9sXjYTg,CC BY 4.0,0.024915502991169975,0.0006264200000013119,0.0059580829230953735,-29.83311005,eV,angstrom,OJ4z1DmLES-BRwrK5pdOKWm0AlZ7
SRbokynflAyN0b-5lXS035E5dEQt,Au/13/23/vasprun.xml,Q-9qzQI7Q72ZaUm9sXjYTg,CC BY 4.0,0.023290666646908154,0.00022729000000159622,0.0041322686340733925,-29.24492426,eV,angstrom,SRbokynflAyN0b-5lXS035E5dEQt
UOC9Gdqm9sQA-UDqOAONPv0ewYaT,Au/13/8/vasprun.xml,Q-9qzQI7Q72ZaUm9sXjYTg,CC BY 4.0,0.01793200464820651,0.0003708699999999477,0.0035578891598978396,-29.67673926,eV,angstrom,UOC9Gdqm9sQA-UDqOAONPv0ewYaT
VgkuNymx77I6dgzeOS32wNN44c-D,Au/13/14/vasprun.xml,Q-9qzQI7Q72ZaUm9sXjYTg,CC BY 4.0,0.024693602410401767,0.0007724099999977976,0.007813246902802934,-29.39428947,eV,angstrom,VgkuNymx77I6dgzeOS32wNN44c-D
WjT3HhMX2fn5T0dTkJbR3Dl_MJg-,Au/13/16/vasprun.xml,Q-9qzQI7Q72ZaUm9sXjYTg,CC BY 4.0,0.023959265945677467,,,-29.383513860000004,eV,angstrom,WjT3HhMX2fn5T0dTkJbR3Dl_MJg-
_6qmj1Eli4EJRQfTQ3sn7GJqgFNa,Au/13/4/vasprun.xml,Q-9qzQI7Q72ZaUm9sXjYTg,CC BY 4.0,0.018475152328922755,0.0003722999999992197,0.0055626220177356885,-29.83860498,eV,angstrom,_6qmj1Eli4EJRQfTQ3sn7GJqgFNa
_lJf9Ctp5ihHp73Ac9k4C-1v-BQs,Au/13/13/vasprun.xml,Q-9qzQI7Q72ZaUm9sXjYTg,CC BY 4.0,0.023485252510939705,0.00022335000000303057,0.0021299839789143005,-29.41347529,eV,angstrom,_lJf9Ctp5ihHp73Ac9k4C-1v-BQs
b4sUBXEs_YS0yr4jdbRM9BU7jrX-,Au/13/27/vasprun.xml,Q-9qzQI7Q72ZaUm9sXjYTg,CC BY 4.0,0.01986341856971503,,,-28.91853339,eV,angstrom,b4sUBXEs_YS0yr4jdbRM9BU7jrX-
bh6QkXbsuoDGvbl5Q1SoAMxL_de8,Au/13/22/vasprun.xml,Q-9qzQI7Q72ZaUm9sXjYTg,CC BY 4.0,0.02220793346289789,0.00044290000000046396,0.005403733264380474,-29.32558925,eV,angstrom,bh6QkXbsuoDGvbl5Q1SoAMxL_de8
dJiZ7o4SFprZNlM1U7RpTfLlSp8b,Au/13/7/vasprun.xml,Q-9qzQI7Q72ZaUm9sXjYTg,CC BY 4.0,0.024716204161658803,0.0006433100000009844,0.009080932779893003,-29.8126113,eV,angstrom,dJiZ7o4SFprZNlM1U7RpTfLlSp8b
pxK8z40q5YAGyUV3-1o8cCrNIC0w,Au/13/15/vasprun.xml,Q-9qzQI7Q72ZaUm9sXjYTg,CC BY 4.0,0.02013424354805762,,,-29.38724113,eV,angstrom,pxK8z40q5YAGyUV3-1o8cCrNIC0w
qOGed9H3NRwY_4SYWijqjzgkYFEQ,Au/13/12/vasprun.xml,Q-9qzQI7Q72ZaUm9sXjYTg,CC BY 4.0,0.02020078115475983,,,-29.426059449999997,eV,angstrom,qOGed9H3NRwY_4SYWijqjzgkYFEQ
qqpwF8LUNkAsp_t0llKlDwWLroG5,Au/13/5/vasprun.xml,Q-9qzQI7Q72ZaUm9sXjYTg,CC BY 4.0,0.024963087749597403,0.00022749999999826137,0.002455678229267902,-29.739451,eV,angstrom,qqpwF8LUNkAsp_t0llKlDwWLroG5
rEZxNZGcQSy11u-7TrCoJ5Ev_2z3,Au/13/28/vasprun.xml,Q-9qzQI7Q72ZaUm9sXjYTg,CC BY 4.0,0.05979791232441814,0.004772009999999841,0.014200743615205897,-28.835229669999997,eV,angstrom,rEZxNZGcQSy11u-7TrCoJ5Ev_2z3
rd9AO2dQ7S85KYe_fcQtUAvKHCFt,Au/13/20/vasprun.xml,Q-9qzQI7Q72ZaUm9sXjYTg,CC BY 4.0,0.0239503451822933,0.0004487400000018282,0.004300686632027893,-29.619931930000003,eV,angstrom,rd9AO2dQ7S85KYe_fcQtUAvKHCFt
sJcVS-LmUIRaiaosnoqgEe2D9J5A,Au/13/10/vasprun.xml,Q-9qzQI7Q72ZaUm9sXjYTg,CC BY 4.0,0.023580672510641,0.00012874000000321698,0.003466774908766523,-29.54431955,eV,angstrom,sJcVS-LmUIRaiaosnoqgEe2D9J5A
teIMu14K44NnW53wA6y7iL8MBvPt,Au/13/24/vasprun.xml,Q-9qzQI7Q72ZaUm9sXjYTg,CC BY 4.0,0.022319083798337244,0.0002918099999977316,0.002519688630634727,-29.140479789999997,eV,angstrom,teIMu14K44NnW53wA6y7iL8MBvPt
x27U3VZ5mW-dMt3oh15CUUgw0YTp,Au/13/18/vasprun.xml,Q-9qzQI7Q72ZaUm9sXjYTg,CC BY 4.0,0.020719669000669388,0.00016069999999780598,0.0012881303944098968,-29.33759691,eV,angstrom,x27U3VZ5mW-dMt3oh15CUUgw0YTp
