algorithm_requested,feature_requested,algorithm_used,feature_used,input_count,cluster_minimum_count,selected_count,selected_energy_min,selected_energy_max,energy_unit,lowest_source_energy_entry_retained,best_selected_source_energy_rank,top_five_source_energy_entries_retained,mean_nearest_pair_spectrum_rms,max_nearest_pair_spectrum_rms,normalized_mean_pair_spectrum_rms,distance_proxy
hybrid,mbtr,hdbscan,mbtr,1510,578,12,-44.3268014195,-35.0705891636,epsilon,True,1,2,0.0912770812912898,0.167604231570525,0.052282802520581886,RMS of sorted all-pairs distances; invariant to rigid motion and atom permutation; not structural RMSD
hybrid,soap,hdbscan,soap,1510,4,4,-44.3268014195,-35.1797059223,epsilon,True,1,2,0.1973956216288847,0.2976705528659267,0.1130666773964355,RMS of sorted all-pairs distances; invariant to rigid motion and atom permutation; not structural RMSD
hybrid,distance-histogram,hdbscan,distance-histogram,1510,42,12,-44.3268014195,-35.1299642665,epsilon,True,1,1,0.11678085267517063,0.22884566508601684,0.06689116448757164,RMS of sorted all-pairs distances; invariant to rigid motion and atom permutation; not structural RMSD
agglomerative,mbtr,agglomerative,mbtr,1510,12,12,-44.3268014195,-35.5905695422,epsilon,True,1,2,0.09262762583135599,0.18968628597299317,0.05305638393318419,RMS of sorted all-pairs distances; invariant to rigid motion and atom permutation; not structural RMSD
agglomerative,soap,agglomerative,soap,1510,12,12,-44.3268014195,-35.0705891636,epsilon,True,1,2,0.12305871847224725,0.1904780653656762,0.07048707720822295,RMS of sorted all-pairs distances; invariant to rigid motion and atom permutation; not structural RMSD
agglomerative,distance-histogram,agglomerative,distance-histogram,1510,12,12,-44.3268014195,-35.0705891636,epsilon,True,1,2,0.1184685745839821,0.1904780653656762,0.06785787847557105,RMS of sorted all-pairs distances; invariant to rigid motion and atom permutation; not structural RMSD
dbscan,mbtr,dbscan,mbtr,1510,522,12,-44.3268014195,-35.0705891636,epsilon,True,1,2,0.08898335766005855,0.14875205334568836,0.050968975457403226,RMS of sorted all-pairs distances; invariant to rigid motion and atom permutation; not structural RMSD
dbscan,soap,dbscan,soap,1510,454,12,-44.3268014195,-35.0705891636,epsilon,True,1,1,0.09232988251261855,0.14909488175560337,0.052885838875047476,RMS of sorted all-pairs distances; invariant to rigid motion and atom permutation; not structural RMSD
dbscan,distance-histogram,dbscan,distance-histogram,1510,493,12,-44.3268014195,-35.0705891636,epsilon,True,1,1,0.10579332403621239,0.16987461078255314,0.06059759350684934,RMS of sorted all-pairs distances; invariant to rigid motion and atom permutation; not structural RMSD
optics,mbtr,optics,mbtr,1510,947,12,-44.3268014195,-35.0705891636,epsilon,True,1,1,0.09341100389440674,0.14922972553264832,0.05350509679724623,RMS of sorted all-pairs distances; invariant to rigid motion and atom permutation; not structural RMSD
optics,soap,optics,soap,1510,893,12,-44.3268014195,-35.1797059223,epsilon,True,1,1,0.09106081681392916,0.15039881105568728,0.05215892790932017,RMS of sorted all-pairs distances; invariant to rigid motion and atom permutation; not structural RMSD
optics,distance-histogram,optics,distance-histogram,1510,923,12,-44.3268014195,-35.1797059223,epsilon,True,1,1,0.10569519114884486,0.17093261352202366,0.060541383751909456,RMS of sorted all-pairs distances; invariant to rigid motion and atom permutation; not structural RMSD
maxmin,mbtr,hdbscan,mbtr,1510,578,12,-44.3268014195,-35.0705891636,epsilon,True,1,2,0.0912770812912898,0.167604231570525,0.052282802520581886,RMS of sorted all-pairs distances; invariant to rigid motion and atom permutation; not structural RMSD
maxmin,soap,hdbscan,soap,1510,4,4,-44.3268014195,-35.1797059223,epsilon,True,1,2,0.1973956216288847,0.2976705528659267,0.1130666773964355,RMS of sorted all-pairs distances; invariant to rigid motion and atom permutation; not structural RMSD
maxmin,distance-histogram,hdbscan,distance-histogram,1510,42,12,-44.3268014195,-35.1299642665,epsilon,True,1,1,0.11678085267517063,0.22884566508601684,0.06689116448757164,RMS of sorted all-pairs distances; invariant to rigid motion and atom permutation; not structural RMSD
