source_id,energy,energy_unit,coordinate_unit,label
0,-44.3268014195,epsilon,sigma,lj13_min_0000
1,-41.4719798478,epsilon,sigma,lj13_min_0001
2,-41.4445970024,epsilon,sigma,lj13_min_0002
3,-41.394398417,epsilon,sigma,lj13_min_0003
4,-40.758513484,epsilon,sigma,lj13_min_0004
5,-40.7284611753,epsilon,sigma,lj13_min_0005
6,-40.7104068183,epsilon,sigma,lj13_min_0006
7,-40.6737977908,epsilon,sigma,lj13_min_0007
8,-40.6701703469,epsilon,sigma,lj13_min_0008
9,-40.6154678005,epsilon,sigma,lj13_min_0009
10,-40.6045842015,epsilon,sigma,lj13_min_0010
11,-40.5412940551,epsilon,sigma,lj13_min_0011
12,-40.4333294627,epsilon,sigma,lj13_min_0012
13,-40.3489469704,epsilon,sigma,lj13_min_0013
14,-40.1280749545,epsilon,sigma,lj13_min_0014
15,-40.0869613298,epsilon,sigma,lj13_min_0015
16,-40.0750821547,epsilon,sigma,lj13_min_0016
17,-40.0175531927,epsilon,sigma,lj13_min_0017
18,-39.9698422745,epsilon,sigma,lj13_min_0018
19,-39.9653793464,epsilon,sigma,lj13_min_0019
20,-39.9354127913,epsilon,sigma,lj13_min_0020
21,-39.8949060464,epsilon,sigma,lj13_min_0021
22,-39.8382604046,epsilon,sigma,lj13_min_0022
23,-39.8159677519,epsilon,sigma,lj13_min_0023
24,-39.7966091395,epsilon,sigma,lj13_min_0024
25,-39.782202809,epsilon,sigma,lj13_min_0025
26,-39.7711121494,epsilon,sigma,lj13_min_0026
27,-39.7702695905,epsilon,sigma,lj13_min_0027
28,-39.7586430787,epsilon,sigma,lj13_min_0028
29,-39.7566312538,epsilon,sigma,lj13_min_0029
30,-39.7521825156,epsilon,sigma,lj13_min_0030
31,-39.7249035959,epsilon,sigma,lj13_min_0031
32,-39.7225996973,epsilon,sigma,lj13_min_0032
33,-39.7171474179,epsilon,sigma,lj13_min_0033
34,-39.7082630841,epsilon,sigma,lj13_min_0034
35,-39.7058584289,epsilon,sigma,lj13_min_0035
36,-39.700782794,epsilon,sigma,lj13_min_0036
37,-39.6924270355,epsilon,sigma,lj13_min_0037
38,-39.6825336251,epsilon,sigma,lj13_min_0038
39,-39.6749227923,epsilon,sigma,lj13_min_0039
40,-39.6748978202,epsilon,sigma,lj13_min_0040
41,-39.6541419832,epsilon,sigma,lj13_min_0041
42,-39.6487221084,epsilon,sigma,lj13_min_0042
43,-39.6427744751,epsilon,sigma,lj13_min_0043
44,-39.6369640052,epsilon,sigma,lj13_min_0044
45,-39.636870129,epsilon,sigma,lj13_min_0045
46,-39.6355367838,epsilon,sigma,lj13_min_0046
47,-39.6277210203,epsilon,sigma,lj13_min_0047
48,-39.6250735476,epsilon,sigma,lj13_min_0048
49,-39.6243144108,epsilon,sigma,lj13_min_0049
50,-39.6216225347,epsilon,sigma,lj13_min_0050
51,-39.6015927199,epsilon,sigma,lj13_min_0051
52,-39.5923365825,epsilon,sigma,lj13_min_0052
53,-39.5892855639,epsilon,sigma,lj13_min_0053
54,-39.5718835111,epsilon,sigma,lj13_min_0054
55,-39.5629995296,epsilon,sigma,lj13_min_0055
56,-39.5543038808,epsilon,sigma,lj13_min_0056
57,-39.5466904097,epsilon,sigma,lj13_min_0057
58,-39.5451461862,epsilon,sigma,lj13_min_0058
59,-39.5406481576,epsilon,sigma,lj13_min_0059
60,-39.5399879353,epsilon,sigma,lj13_min_0060
61,-39.5370553374,epsilon,sigma,lj13_min_0061
62,-39.5296395577,epsilon,sigma,lj13_min_0062
63,-39.513541591,epsilon,sigma,lj13_min_0063
64,-39.5059437958,epsilon,sigma,lj13_min_0064
65,-39.4695169549,epsilon,sigma,lj13_min_0065
66,-39.4690708154,epsilon,sigma,lj13_min_0066
67,-39.4688824154,epsilon,sigma,lj13_min_0067
68,-39.455177206,epsilon,sigma,lj13_min_0068
69,-39.4482379922,epsilon,sigma,lj13_min_0069
70,-39.4460106231,epsilon,sigma,lj13_min_0070
71,-39.4448140944,epsilon,sigma,lj13_min_0071
72,-39.4367649057,epsilon,sigma,lj13_min_0072
73,-39.4354799274,epsilon,sigma,lj13_min_0073
74,-39.4307159617,epsilon,sigma,lj13_min_0074
75,-39.4062434074,epsilon,sigma,lj13_min_0075
76,-39.3967396078,epsilon,sigma,lj13_min_0076
77,-39.3832312339,epsilon,sigma,lj13_min_0077
78,-39.3612658512,epsilon,sigma,lj13_min_0078
79,-39.3601498249,epsilon,sigma,lj13_min_0079
80,-39.348196318,epsilon,sigma,lj13_min_0080
81,-39.3422305503,epsilon,sigma,lj13_min_0081
82,-39.3374580042,epsilon,sigma,lj13_min_0082
83,-39.2970151883,epsilon,sigma,lj13_min_0083
84,-39.2951578125,epsilon,sigma,lj13_min_0084
85,-39.2868973659,epsilon,sigma,lj13_min_0085
86,-39.2819182169,epsilon,sigma,lj13_min_0086
87,-39.2807433242,epsilon,sigma,lj13_min_0087
88,-39.269582624,epsilon,sigma,lj13_min_0088
89,-39.2688229728,epsilon,sigma,lj13_min_0089
90,-39.2629428122,epsilon,sigma,lj13_min_0090
91,-39.2578196608,epsilon,sigma,lj13_min_0091
92,-39.2572068119,epsilon,sigma,lj13_min_0092
93,-39.2521808146,epsilon,sigma,lj13_min_0093
94,-39.2458211908,epsilon,sigma,lj13_min_0094
95,-39.2387192846,epsilon,sigma,lj13_min_0095
96,-39.2354443985,epsilon,sigma,lj13_min_0096
97,-39.2353096986,epsilon,sigma,lj13_min_0097
98,-39.2341292761,epsilon,sigma,lj13_min_0098
99,-39.2296383538,epsilon,sigma,lj13_min_0099
100,-39.2177469097,epsilon,sigma,lj13_min_0100
101,-39.2054771655,epsilon,sigma,lj13_min_0101
102,-39.1971850681,epsilon,sigma,lj13_min_0102
103,-39.1905180611,epsilon,sigma,lj13_min_0103
104,-39.1890481035,epsilon,sigma,lj13_min_0104
105,-39.188663525,epsilon,sigma,lj13_min_0105
106,-39.1854013208,epsilon,sigma,lj13_min_0106
107,-39.1837489143,epsilon,sigma,lj13_min_0107
108,-39.1816380573,epsilon,sigma,lj13_min_0108
109,-39.1767609115,epsilon,sigma,lj13_min_0109
110,-39.1759918318,epsilon,sigma,lj13_min_0110
111,-39.1711026918,epsilon,sigma,lj13_min_0111
112,-39.165222633,epsilon,sigma,lj13_min_0112
113,-39.1576413835,epsilon,sigma,lj13_min_0113
114,-39.1524973021,epsilon,sigma,lj13_min_0114
115,-39.1438075204,epsilon,sigma,lj13_min_0115
116,-39.1430528825,epsilon,sigma,lj13_min_0116
117,-39.1420382403,epsilon,sigma,lj13_min_0117
118,-39.1167099927,epsilon,sigma,lj13_min_0118
119,-39.1165047743,epsilon,sigma,lj13_min_0119
120,-39.1125789007,epsilon,sigma,lj13_min_0120
121,-39.1073591459,epsilon,sigma,lj13_min_0121
122,-39.1048988986,epsilon,sigma,lj13_min_0122
123,-39.1020054881,epsilon,sigma,lj13_min_0123
124,-39.1012984097,epsilon,sigma,lj13_min_0124
125,-39.0996384037,epsilon,sigma,lj13_min_0125
126,-39.0951000301,epsilon,sigma,lj13_min_0126
127,-39.0893245886,epsilon,sigma,lj13_min_0127
128,-39.081492514,epsilon,sigma,lj13_min_0128
129,-39.072547989,epsilon,sigma,lj13_min_0129
130,-39.0627732548,epsilon,sigma,lj13_min_0130
131,-39.0556439212,epsilon,sigma,lj13_min_0131
132,-39.0453614182,epsilon,sigma,lj13_min_0132
133,-39.0419666708,epsilon,sigma,lj13_min_0133
134,-39.0352528284,epsilon,sigma,lj13_min_0134
135,-39.0291511434,epsilon,sigma,lj13_min_0135
136,-39.026261129,epsilon,sigma,lj13_min_0136
137,-39.0143208945,epsilon,sigma,lj13_min_0137
138,-39.0105782979,epsilon,sigma,lj13_min_0138
139,-38.9965492038,epsilon,sigma,lj13_min_0139
140,-38.9758099856,epsilon,sigma,lj13_min_0140
141,-38.9726408051,epsilon,sigma,lj13_min_0141
142,-38.971531693,epsilon,sigma,lj13_min_0142
143,-38.9690585324,epsilon,sigma,lj13_min_0143
144,-38.9635471242,epsilon,sigma,lj13_min_0144
145,-38.959039774,epsilon,sigma,lj13_min_0145
146,-38.9527094563,epsilon,sigma,lj13_min_0146
147,-38.9465876132,epsilon,sigma,lj13_min_0147
148,-38.9396171835,epsilon,sigma,lj13_min_0148
149,-38.9364871246,epsilon,sigma,lj13_min_0149
150,-38.9352824016,epsilon,sigma,lj13_min_0150
151,-38.9334233063,epsilon,sigma,lj13_min_0151
152,-38.9287802419,epsilon,sigma,lj13_min_0152
153,-38.9253662806,epsilon,sigma,lj13_min_0153
154,-38.9232374333,epsilon,sigma,lj13_min_0154
155,-38.9222655461,epsilon,sigma,lj13_min_0155
156,-38.9115091051,epsilon,sigma,lj13_min_0156
157,-38.910668186,epsilon,sigma,lj13_min_0157
158,-38.9096732918,epsilon,sigma,lj13_min_0158
159,-38.9066254972,epsilon,sigma,lj13_min_0159
160,-38.9027475148,epsilon,sigma,lj13_min_0160
161,-38.9001767502,epsilon,sigma,lj13_min_0161
162,-38.8939774125,epsilon,sigma,lj13_min_0162
163,-38.8936606172,epsilon,sigma,lj13_min_0163
164,-38.8849371224,epsilon,sigma,lj13_min_0164
165,-38.8723636645,epsilon,sigma,lj13_min_0165
166,-38.8677389761,epsilon,sigma,lj13_min_0166
167,-38.8659098724,epsilon,sigma,lj13_min_0167
168,-38.8635735733,epsilon,sigma,lj13_min_0168
169,-38.8632011039,epsilon,sigma,lj13_min_0169
170,-38.8624556064,epsilon,sigma,lj13_min_0170
171,-38.8594974409,epsilon,sigma,lj13_min_0171
172,-38.8593007258,epsilon,sigma,lj13_min_0172
173,-38.8568643076,epsilon,sigma,lj13_min_0173
174,-38.8553750882,epsilon,sigma,lj13_min_0174
175,-38.8515581782,epsilon,sigma,lj13_min_0175
176,-38.8496842611,epsilon,sigma,lj13_min_0176
177,-38.847454102,epsilon,sigma,lj13_min_0177
178,-38.8454949221,epsilon,sigma,lj13_min_0178
179,-38.8421075695,epsilon,sigma,lj13_min_0179
180,-38.8417488159,epsilon,sigma,lj13_min_0180
181,-38.8392407575,epsilon,sigma,lj13_min_0181
182,-38.8387559808,epsilon,sigma,lj13_min_0182
183,-38.8360040042,epsilon,sigma,lj13_min_0183
184,-38.8340005054,epsilon,sigma,lj13_min_0184
185,-38.8338505602,epsilon,sigma,lj13_min_0185
186,-38.8327913644,epsilon,sigma,lj13_min_0186
187,-38.8300365317,epsilon,sigma,lj13_min_0187
188,-38.8281349752,epsilon,sigma,lj13_min_0188
189,-38.8265601469,epsilon,sigma,lj13_min_0189
190,-38.8265234831,epsilon,sigma,lj13_min_0190
191,-38.826049944,epsilon,sigma,lj13_min_0191
192,-38.8255522145,epsilon,sigma,lj13_min_0192
193,-38.8247430177,epsilon,sigma,lj13_min_0193
194,-38.8227709281,epsilon,sigma,lj13_min_0194
195,-38.8182923632,epsilon,sigma,lj13_min_0195
196,-38.8168972999,epsilon,sigma,lj13_min_0196
197,-38.8058174585,epsilon,sigma,lj13_min_0197
198,-38.8054992708,epsilon,sigma,lj13_min_0198
199,-38.7979592805,epsilon,sigma,lj13_min_0199
200,-38.7965738329,epsilon,sigma,lj13_min_0200
201,-38.7920049844,epsilon,sigma,lj13_min_0201
202,-38.7878542648,epsilon,sigma,lj13_min_0202
203,-38.7838913068,epsilon,sigma,lj13_min_0203
204,-38.7819419154,epsilon,sigma,lj13_min_0204
205,-38.7803662791,epsilon,sigma,lj13_min_0205
206,-38.7792762463,epsilon,sigma,lj13_min_0206
207,-38.7741231318,epsilon,sigma,lj13_min_0207
208,-38.7697019888,epsilon,sigma,lj13_min_0208
209,-38.7643088362,epsilon,sigma,lj13_min_0209
210,-38.7632138297,epsilon,sigma,lj13_min_0210
211,-38.7620418972,epsilon,sigma,lj13_min_0211
212,-38.7600757374,epsilon,sigma,lj13_min_0212
213,-38.7526604674,epsilon,sigma,lj13_min_0213
214,-38.7515874132,epsilon,sigma,lj13_min_0214
215,-38.7448648811,epsilon,sigma,lj13_min_0215
216,-38.7413691984,epsilon,sigma,lj13_min_0216
217,-38.7382460645,epsilon,sigma,lj13_min_0217
218,-38.7376936778,epsilon,sigma,lj13_min_0218
219,-38.7376776234,epsilon,sigma,lj13_min_0219
220,-38.7311245231,epsilon,sigma,lj13_min_0220
221,-38.726428716,epsilon,sigma,lj13_min_0221
222,-38.7176824263,epsilon,sigma,lj13_min_0222
223,-38.7174369476,epsilon,sigma,lj13_min_0223
224,-38.7114314012,epsilon,sigma,lj13_min_0224
225,-38.7110523622,epsilon,sigma,lj13_min_0225
226,-38.7108131784,epsilon,sigma,lj13_min_0226
227,-38.7103242373,epsilon,sigma,lj13_min_0227
228,-38.7069747781,epsilon,sigma,lj13_min_0228
229,-38.7028524208,epsilon,sigma,lj13_min_0229
230,-38.702739151,epsilon,sigma,lj13_min_0230
231,-38.7013888328,epsilon,sigma,lj13_min_0231
232,-38.7013169179,epsilon,sigma,lj13_min_0232
233,-38.6983627434,epsilon,sigma,lj13_min_0233
234,-38.697287775,epsilon,sigma,lj13_min_0234
235,-38.6952051053,epsilon,sigma,lj13_min_0235
236,-38.686142695,epsilon,sigma,lj13_min_0236
237,-38.6860601746,epsilon,sigma,lj13_min_0237
238,-38.6824839931,epsilon,sigma,lj13_min_0238
239,-38.6819778124,epsilon,sigma,lj13_min_0239
240,-38.6816770827,epsilon,sigma,lj13_min_0240
241,-38.6774846072,epsilon,sigma,lj13_min_0241
242,-38.6772359205,epsilon,sigma,lj13_min_0242
243,-38.6694211602,epsilon,sigma,lj13_min_0243
244,-38.6607367121,epsilon,sigma,lj13_min_0244
245,-38.6582488161,epsilon,sigma,lj13_min_0245
246,-38.6541629778,epsilon,sigma,lj13_min_0246
247,-38.6529357164,epsilon,sigma,lj13_min_0247
248,-38.6436142532,epsilon,sigma,lj13_min_0248
249,-38.6428985245,epsilon,sigma,lj13_min_0249
250,-38.6419653947,epsilon,sigma,lj13_min_0250
251,-38.6392484772,epsilon,sigma,lj13_min_0251
252,-38.6356303047,epsilon,sigma,lj13_min_0252
253,-38.6336223384,epsilon,sigma,lj13_min_0253
254,-38.6320907803,epsilon,sigma,lj13_min_0254
255,-38.6240194862,epsilon,sigma,lj13_min_0255
256,-38.6220539467,epsilon,sigma,lj13_min_0256
257,-38.6205656408,epsilon,sigma,lj13_min_0257
258,-38.6179184292,epsilon,sigma,lj13_min_0258
259,-38.6037016192,epsilon,sigma,lj13_min_0259
260,-38.6021375649,epsilon,sigma,lj13_min_0260
261,-38.6015045683,epsilon,sigma,lj13_min_0261
262,-38.6012539071,epsilon,sigma,lj13_min_0262
263,-38.6003909197,epsilon,sigma,lj13_min_0263
264,-38.5856145713,epsilon,sigma,lj13_min_0264
265,-38.579873057,epsilon,sigma,lj13_min_0265
266,-38.5790330034,epsilon,sigma,lj13_min_0266
267,-38.5710531853,epsilon,sigma,lj13_min_0267
268,-38.5683092679,epsilon,sigma,lj13_min_0268
269,-38.56263694,epsilon,sigma,lj13_min_0269
270,-38.5613655826,epsilon,sigma,lj13_min_0270
271,-38.5579976686,epsilon,sigma,lj13_min_0271
272,-38.5574763667,epsilon,sigma,lj13_min_0272
273,-38.556758546,epsilon,sigma,lj13_min_0273
274,-38.5556784219,epsilon,sigma,lj13_min_0274
275,-38.5540957944,epsilon,sigma,lj13_min_0275
276,-38.5514344595,epsilon,sigma,lj13_min_0276
277,-38.5476335824,epsilon,sigma,lj13_min_0277
278,-38.5407886603,epsilon,sigma,lj13_min_0278
279,-38.5395011301,epsilon,sigma,lj13_min_0279
280,-38.5360448445,epsilon,sigma,lj13_min_0280
281,-38.5262876742,epsilon,sigma,lj13_min_0281
282,-38.5153031359,epsilon,sigma,lj13_min_0282
283,-38.5114387206,epsilon,sigma,lj13_min_0283
284,-38.5111129228,epsilon,sigma,lj13_min_0284
285,-38.5093067377,epsilon,sigma,lj13_min_0285
286,-38.5071000892,epsilon,sigma,lj13_min_0286
287,-38.504029351,epsilon,sigma,lj13_min_0287
288,-38.5018371243,epsilon,sigma,lj13_min_0288
289,-38.5005461312,epsilon,sigma,lj13_min_0289
290,-38.4997205042,epsilon,sigma,lj13_min_0290
291,-38.4994473286,epsilon,sigma,lj13_min_0291
292,-38.4954862943,epsilon,sigma,lj13_min_0292
293,-38.4935671194,epsilon,sigma,lj13_min_0293
294,-38.4929565952,epsilon,sigma,lj13_min_0294
295,-38.4926759268,epsilon,sigma,lj13_min_0295
296,-38.4925526146,epsilon,sigma,lj13_min_0296
297,-38.4860587509,epsilon,sigma,lj13_min_0297
298,-38.4836093603,epsilon,sigma,lj13_min_0298
299,-38.4819596117,epsilon,sigma,lj13_min_0299
300,-38.4807462155,epsilon,sigma,lj13_min_0300
301,-38.480534227,epsilon,sigma,lj13_min_0301
302,-38.479307163,epsilon,sigma,lj13_min_0302
303,-38.478633957,epsilon,sigma,lj13_min_0303
304,-38.4720362573,epsilon,sigma,lj13_min_0304
305,-38.4681789408,epsilon,sigma,lj13_min_0305
306,-38.4668412899,epsilon,sigma,lj13_min_0306
307,-38.4642133013,epsilon,sigma,lj13_min_0307
308,-38.4589709674,epsilon,sigma,lj13_min_0308
309,-38.4538866303,epsilon,sigma,lj13_min_0309
310,-38.4313372201,epsilon,sigma,lj13_min_0310
311,-38.4283288472,epsilon,sigma,lj13_min_0311
312,-38.4246544296,epsilon,sigma,lj13_min_0312
313,-38.4224068326,epsilon,sigma,lj13_min_0313
314,-38.4223270596,epsilon,sigma,lj13_min_0314
315,-38.4217323948,epsilon,sigma,lj13_min_0315
316,-38.4178327739,epsilon,sigma,lj13_min_0316
317,-38.4140005898,epsilon,sigma,lj13_min_0317
318,-38.4121230857,epsilon,sigma,lj13_min_0318
319,-38.4094490353,epsilon,sigma,lj13_min_0319
320,-38.4077166357,epsilon,sigma,lj13_min_0320
321,-38.40605175,epsilon,sigma,lj13_min_0321
322,-38.4012621201,epsilon,sigma,lj13_min_0322
323,-38.3981868669,epsilon,sigma,lj13_min_0323
324,-38.3977523618,epsilon,sigma,lj13_min_0324
325,-38.3972549895,epsilon,sigma,lj13_min_0325
326,-38.3957584741,epsilon,sigma,lj13_min_0326
327,-38.3935121241,epsilon,sigma,lj13_min_0327
328,-38.3931209732,epsilon,sigma,lj13_min_0328
329,-38.3905737342,epsilon,sigma,lj13_min_0329
330,-38.3884539122,epsilon,sigma,lj13_min_0330
331,-38.3827993648,epsilon,sigma,lj13_min_0331
332,-38.3826321509,epsilon,sigma,lj13_min_0332
333,-38.3822773593,epsilon,sigma,lj13_min_0333
334,-38.3791698453,epsilon,sigma,lj13_min_0334
335,-38.369284834,epsilon,sigma,lj13_min_0335
336,-38.364165935,epsilon,sigma,lj13_min_0336
337,-38.3608980482,epsilon,sigma,lj13_min_0337
338,-38.3592098356,epsilon,sigma,lj13_min_0338
339,-38.3581427269,epsilon,sigma,lj13_min_0339
340,-38.3480024993,epsilon,sigma,lj13_min_0340
341,-38.3459075385,epsilon,sigma,lj13_min_0341
342,-38.3367930399,epsilon,sigma,lj13_min_0342
343,-38.3367043705,epsilon,sigma,lj13_min_0343
344,-38.3341713928,epsilon,sigma,lj13_min_0344
345,-38.3324425905,epsilon,sigma,lj13_min_0345
346,-38.3273605658,epsilon,sigma,lj13_min_0346
347,-38.3267976141,epsilon,sigma,lj13_min_0347
348,-38.3176863126,epsilon,sigma,lj13_min_0348
349,-38.317022034,epsilon,sigma,lj13_min_0349
350,-38.3152322489,epsilon,sigma,lj13_min_0350
351,-38.3105400065,epsilon,sigma,lj13_min_0351
352,-38.3087297147,epsilon,sigma,lj13_min_0352
353,-38.3068812773,epsilon,sigma,lj13_min_0353
354,-38.3065492263,epsilon,sigma,lj13_min_0354
355,-38.3055807593,epsilon,sigma,lj13_min_0355
356,-38.3041399172,epsilon,sigma,lj13_min_0356
357,-38.3026963804,epsilon,sigma,lj13_min_0357
358,-38.3021326802,epsilon,sigma,lj13_min_0358
359,-38.2920686873,epsilon,sigma,lj13_min_0359
360,-38.2886454285,epsilon,sigma,lj13_min_0360
361,-38.2879641603,epsilon,sigma,lj13_min_0361
362,-38.2842559708,epsilon,sigma,lj13_min_0362
363,-38.2831163042,epsilon,sigma,lj13_min_0363
364,-38.2794960089,epsilon,sigma,lj13_min_0364
365,-38.2789337521,epsilon,sigma,lj13_min_0365
366,-38.2761273564,epsilon,sigma,lj13_min_0366
367,-38.2757231334,epsilon,sigma,lj13_min_0367
368,-38.2755593763,epsilon,sigma,lj13_min_0368
369,-38.2742001762,epsilon,sigma,lj13_min_0369
370,-38.2730052272,epsilon,sigma,lj13_min_0370
371,-38.2681116658,epsilon,sigma,lj13_min_0371
372,-38.2670033884,epsilon,sigma,lj13_min_0372
373,-38.2636311166,epsilon,sigma,lj13_min_0373
374,-38.2607728942,epsilon,sigma,lj13_min_0374
375,-38.257689324,epsilon,sigma,lj13_min_0375
376,-38.2565412868,epsilon,sigma,lj13_min_0376
377,-38.2559393497,epsilon,sigma,lj13_min_0377
378,-38.2541430499,epsilon,sigma,lj13_min_0378
379,-38.2526407506,epsilon,sigma,lj13_min_0379
380,-38.2492400817,epsilon,sigma,lj13_min_0380
381,-38.2483685177,epsilon,sigma,lj13_min_0381
382,-38.2437333147,epsilon,sigma,lj13_min_0382
383,-38.2430952844,epsilon,sigma,lj13_min_0383
384,-38.2412508404,epsilon,sigma,lj13_min_0384
385,-38.2380431416,epsilon,sigma,lj13_min_0385
386,-38.2349229466,epsilon,sigma,lj13_min_0386
387,-38.2346428716,epsilon,sigma,lj13_min_0387
388,-38.2332349811,epsilon,sigma,lj13_min_0388
389,-38.2257125186,epsilon,sigma,lj13_min_0389
390,-38.2247742562,epsilon,sigma,lj13_min_0390
391,-38.2202841989,epsilon,sigma,lj13_min_0391
392,-38.2179124781,epsilon,sigma,lj13_min_0392
393,-38.2154367312,epsilon,sigma,lj13_min_0393
394,-38.2124316464,epsilon,sigma,lj13_min_0394
395,-38.2111654133,epsilon,sigma,lj13_min_0395
396,-38.2084790499,epsilon,sigma,lj13_min_0396
397,-38.2065085911,epsilon,sigma,lj13_min_0397
398,-38.2050569898,epsilon,sigma,lj13_min_0398
399,-38.1979541509,epsilon,sigma,lj13_min_0399
400,-38.1953306183,epsilon,sigma,lj13_min_0400
401,-38.1950319824,epsilon,sigma,lj13_min_0401
402,-38.1923979447,epsilon,sigma,lj13_min_0402
403,-38.1917724891,epsilon,sigma,lj13_min_0403
404,-38.1910080316,epsilon,sigma,lj13_min_0404
405,-38.190596509,epsilon,sigma,lj13_min_0405
406,-38.1899630153,epsilon,sigma,lj13_min_0406
407,-38.1861949407,epsilon,sigma,lj13_min_0407
408,-38.1847098265,epsilon,sigma,lj13_min_0408
409,-38.1832318819,epsilon,sigma,lj13_min_0409
410,-38.1799150325,epsilon,sigma,lj13_min_0410
411,-38.1775234689,epsilon,sigma,lj13_min_0411
412,-38.1758428311,epsilon,sigma,lj13_min_0412
413,-38.1753398703,epsilon,sigma,lj13_min_0413
414,-38.175014585,epsilon,sigma,lj13_min_0414
415,-38.1741999284,epsilon,sigma,lj13_min_0415
416,-38.1733304848,epsilon,sigma,lj13_min_0416
417,-38.1731665779,epsilon,sigma,lj13_min_0417
418,-38.1724732583,epsilon,sigma,lj13_min_0418
419,-38.1681816413,epsilon,sigma,lj13_min_0419
420,-38.1680018754,epsilon,sigma,lj13_min_0420
421,-38.1675143023,epsilon,sigma,lj13_min_0421
422,-38.1668134083,epsilon,sigma,lj13_min_0422
423,-38.1654349285,epsilon,sigma,lj13_min_0423
424,-38.1641226055,epsilon,sigma,lj13_min_0424
425,-38.16307931,epsilon,sigma,lj13_min_0425
426,-38.1585168159,epsilon,sigma,lj13_min_0426
427,-38.1575182018,epsilon,sigma,lj13_min_0427
428,-38.1563667382,epsilon,sigma,lj13_min_0428
429,-38.154635408,epsilon,sigma,lj13_min_0429
430,-38.1529491503,epsilon,sigma,lj13_min_0430
431,-38.1509874307,epsilon,sigma,lj13_min_0431
432,-38.1499668579,epsilon,sigma,lj13_min_0432
433,-38.147471951,epsilon,sigma,lj13_min_0433
434,-38.1454582316,epsilon,sigma,lj13_min_0434
435,-38.1426993631,epsilon,sigma,lj13_min_0435
436,-38.1425609329,epsilon,sigma,lj13_min_0436
437,-38.1421316685,epsilon,sigma,lj13_min_0437
438,-38.1406962545,epsilon,sigma,lj13_min_0438
439,-38.1395215783,epsilon,sigma,lj13_min_0439
440,-38.1388356965,epsilon,sigma,lj13_min_0440
441,-38.1361574248,epsilon,sigma,lj13_min_0441
442,-38.1292854389,epsilon,sigma,lj13_min_0442
443,-38.1241080918,epsilon,sigma,lj13_min_0443
444,-38.1226414955,epsilon,sigma,lj13_min_0444
445,-38.1169330437,epsilon,sigma,lj13_min_0445
446,-38.116743967,epsilon,sigma,lj13_min_0446
447,-38.1110102881,epsilon,sigma,lj13_min_0447
448,-38.1101306982,epsilon,sigma,lj13_min_0448
449,-38.1099083383,epsilon,sigma,lj13_min_0449
450,-38.1086925307,epsilon,sigma,lj13_min_0450
451,-38.107409295,epsilon,sigma,lj13_min_0451
452,-38.1047539616,epsilon,sigma,lj13_min_0452
453,-38.1039191243,epsilon,sigma,lj13_min_0453
454,-38.1031437973,epsilon,sigma,lj13_min_0454
455,-38.0987268738,epsilon,sigma,lj13_min_0455
456,-38.0971458842,epsilon,sigma,lj13_min_0456
457,-38.0958378699,epsilon,sigma,lj13_min_0457
458,-38.0916941456,epsilon,sigma,lj13_min_0458
459,-38.0884845016,epsilon,sigma,lj13_min_0459
460,-38.0883567568,epsilon,sigma,lj13_min_0460
461,-38.0879553289,epsilon,sigma,lj13_min_0461
462,-38.0809272532,epsilon,sigma,lj13_min_0462
463,-38.0769407643,epsilon,sigma,lj13_min_0463
464,-38.0765011626,epsilon,sigma,lj13_min_0464
465,-38.076122033,epsilon,sigma,lj13_min_0465
466,-38.0758172851,epsilon,sigma,lj13_min_0466
467,-38.0753388429,epsilon,sigma,lj13_min_0467
468,-38.0742036932,epsilon,sigma,lj13_min_0468
469,-38.0739634682,epsilon,sigma,lj13_min_0469
470,-38.0696447543,epsilon,sigma,lj13_min_0470
471,-38.0696005241,epsilon,sigma,lj13_min_0471
472,-38.0690335157,epsilon,sigma,lj13_min_0472
473,-38.0688998559,epsilon,sigma,lj13_min_0473
474,-38.0664432259,epsilon,sigma,lj13_min_0474
475,-38.0654688956,epsilon,sigma,lj13_min_0475
476,-38.0650082692,epsilon,sigma,lj13_min_0476
477,-38.0636123412,epsilon,sigma,lj13_min_0477
478,-38.0602051182,epsilon,sigma,lj13_min_0478
479,-38.0561770552,epsilon,sigma,lj13_min_0479
480,-38.0547343903,epsilon,sigma,lj13_min_0480
481,-38.0530333505,epsilon,sigma,lj13_min_0481
482,-38.0475651535,epsilon,sigma,lj13_min_0482
483,-38.0464777994,epsilon,sigma,lj13_min_0483
484,-38.0435311078,epsilon,sigma,lj13_min_0484
485,-38.0433975332,epsilon,sigma,lj13_min_0485
486,-38.0421186493,epsilon,sigma,lj13_min_0486
487,-38.0417359328,epsilon,sigma,lj13_min_0487
488,-38.0408078976,epsilon,sigma,lj13_min_0488
489,-38.0403583712,epsilon,sigma,lj13_min_0489
490,-38.0393423377,epsilon,sigma,lj13_min_0490
491,-38.0381338365,epsilon,sigma,lj13_min_0491
492,-38.0365367998,epsilon,sigma,lj13_min_0492
493,-38.0317417858,epsilon,sigma,lj13_min_0493
494,-38.0305814013,epsilon,sigma,lj13_min_0494
495,-38.0301756644,epsilon,sigma,lj13_min_0495
496,-38.029968697,epsilon,sigma,lj13_min_0496
497,-38.0299272073,epsilon,sigma,lj13_min_0497
498,-38.0293816419,epsilon,sigma,lj13_min_0498
499,-38.0284770709,epsilon,sigma,lj13_min_0499
500,-38.0258599032,epsilon,sigma,lj13_min_0500
501,-38.0226925606,epsilon,sigma,lj13_min_0501
502,-38.0224724446,epsilon,sigma,lj13_min_0502
503,-38.0190563628,epsilon,sigma,lj13_min_0503
504,-38.0154057115,epsilon,sigma,lj13_min_0504
505,-38.0150640437,epsilon,sigma,lj13_min_0505
506,-38.0147709083,epsilon,sigma,lj13_min_0506
507,-38.0124746355,epsilon,sigma,lj13_min_0507
508,-38.0118089307,epsilon,sigma,lj13_min_0508
509,-38.0087685533,epsilon,sigma,lj13_min_0509
510,-38.0082844112,epsilon,sigma,lj13_min_0510
511,-38.0048255044,epsilon,sigma,lj13_min_0511
512,-38.0014690388,epsilon,sigma,lj13_min_0512
513,-37.9988932413,epsilon,sigma,lj13_min_0513
514,-37.9984401605,epsilon,sigma,lj13_min_0514
515,-37.9969525339,epsilon,sigma,lj13_min_0515
516,-37.9942710644,epsilon,sigma,lj13_min_0516
517,-37.9929120122,epsilon,sigma,lj13_min_0517
518,-37.989703983,epsilon,sigma,lj13_min_0518
519,-37.989202866,epsilon,sigma,lj13_min_0519
520,-37.9885220194,epsilon,sigma,lj13_min_0520
521,-37.9870525319,epsilon,sigma,lj13_min_0521
522,-37.9860586528,epsilon,sigma,lj13_min_0522
523,-37.9849348468,epsilon,sigma,lj13_min_0523
524,-37.982856151,epsilon,sigma,lj13_min_0524
525,-37.9797283396,epsilon,sigma,lj13_min_0525
526,-37.9794122309,epsilon,sigma,lj13_min_0526
527,-37.9768270094,epsilon,sigma,lj13_min_0527
528,-37.975071514,epsilon,sigma,lj13_min_0528
529,-37.9747934949,epsilon,sigma,lj13_min_0529
530,-37.9740756502,epsilon,sigma,lj13_min_0530
531,-37.9709521378,epsilon,sigma,lj13_min_0531
532,-37.9695364612,epsilon,sigma,lj13_min_0532
533,-37.9693153442,epsilon,sigma,lj13_min_0533
534,-37.9671615723,epsilon,sigma,lj13_min_0534
535,-37.9670687603,epsilon,sigma,lj13_min_0535
536,-37.9665826632,epsilon,sigma,lj13_min_0536
537,-37.9650467386,epsilon,sigma,lj13_min_0537
538,-37.9635986161,epsilon,sigma,lj13_min_0538
539,-37.962773602,epsilon,sigma,lj13_min_0539
540,-37.9624920266,epsilon,sigma,lj13_min_0540
541,-37.9613257187,epsilon,sigma,lj13_min_0541
542,-37.9601529906,epsilon,sigma,lj13_min_0542
543,-37.9598486463,epsilon,sigma,lj13_min_0543
544,-37.9586209759,epsilon,sigma,lj13_min_0544
545,-37.9578311314,epsilon,sigma,lj13_min_0545
546,-37.9561812353,epsilon,sigma,lj13_min_0546
547,-37.9555784679,epsilon,sigma,lj13_min_0547
548,-37.954149915,epsilon,sigma,lj13_min_0548
549,-37.9539023309,epsilon,sigma,lj13_min_0549
550,-37.9448691814,epsilon,sigma,lj13_min_0550
551,-37.9446663198,epsilon,sigma,lj13_min_0551
552,-37.9443082634,epsilon,sigma,lj13_min_0552
553,-37.9410459191,epsilon,sigma,lj13_min_0553
554,-37.9395612469,epsilon,sigma,lj13_min_0554
555,-37.9373370607,epsilon,sigma,lj13_min_0555
556,-37.936936152,epsilon,sigma,lj13_min_0556
557,-37.9294691685,epsilon,sigma,lj13_min_0557
558,-37.9277163895,epsilon,sigma,lj13_min_0558
559,-37.9267077088,epsilon,sigma,lj13_min_0559
560,-37.9251213366,epsilon,sigma,lj13_min_0560
561,-37.9249495601,epsilon,sigma,lj13_min_0561
562,-37.9239144236,epsilon,sigma,lj13_min_0562
563,-37.9216334941,epsilon,sigma,lj13_min_0563
564,-37.9172626343,epsilon,sigma,lj13_min_0564
565,-37.917241855,epsilon,sigma,lj13_min_0565
566,-37.9162130505,epsilon,sigma,lj13_min_0566
567,-37.9144833024,epsilon,sigma,lj13_min_0567
568,-37.9141515962,epsilon,sigma,lj13_min_0568
569,-37.9113916549,epsilon,sigma,lj13_min_0569
570,-37.9110168992,epsilon,sigma,lj13_min_0570
571,-37.9096937754,epsilon,sigma,lj13_min_0571
572,-37.9065474818,epsilon,sigma,lj13_min_0572
573,-37.9042774614,epsilon,sigma,lj13_min_0573
574,-37.9036921208,epsilon,sigma,lj13_min_0574
575,-37.9028424187,epsilon,sigma,lj13_min_0575
576,-37.9025374661,epsilon,sigma,lj13_min_0576
577,-37.9010981263,epsilon,sigma,lj13_min_0577
578,-37.9005410678,epsilon,sigma,lj13_min_0578
579,-37.8989271355,epsilon,sigma,lj13_min_0579
580,-37.8967873606,epsilon,sigma,lj13_min_0580
581,-37.8966970895,epsilon,sigma,lj13_min_0581
582,-37.8953292358,epsilon,sigma,lj13_min_0582
583,-37.8942348154,epsilon,sigma,lj13_min_0583
584,-37.8934549204,epsilon,sigma,lj13_min_0584
585,-37.8892217944,epsilon,sigma,lj13_min_0585
586,-37.8885386842,epsilon,sigma,lj13_min_0586
587,-37.8881271093,epsilon,sigma,lj13_min_0587
588,-37.8840656632,epsilon,sigma,lj13_min_0588
589,-37.8834551387,epsilon,sigma,lj13_min_0589
590,-37.878082678,epsilon,sigma,lj13_min_0590
591,-37.876155183,epsilon,sigma,lj13_min_0591
592,-37.8758704906,epsilon,sigma,lj13_min_0592
593,-37.8752540088,epsilon,sigma,lj13_min_0593
594,-37.8724843771,epsilon,sigma,lj13_min_0594
595,-37.8719017255,epsilon,sigma,lj13_min_0595
596,-37.8709273545,epsilon,sigma,lj13_min_0596
597,-37.8706077899,epsilon,sigma,lj13_min_0597
598,-37.8698678211,epsilon,sigma,lj13_min_0598
599,-37.8662688495,epsilon,sigma,lj13_min_0599
600,-37.8661049749,epsilon,sigma,lj13_min_0600
601,-37.8656078447,epsilon,sigma,lj13_min_0601
602,-37.8608676017,epsilon,sigma,lj13_min_0602
603,-37.8572750546,epsilon,sigma,lj13_min_0603
604,-37.8563114419,epsilon,sigma,lj13_min_0604
605,-37.8560682041,epsilon,sigma,lj13_min_0605
606,-37.8535765315,epsilon,sigma,lj13_min_0606
607,-37.8522010132,epsilon,sigma,lj13_min_0607
608,-37.8518798789,epsilon,sigma,lj13_min_0608
609,-37.851785187,epsilon,sigma,lj13_min_0609
610,-37.8490403365,epsilon,sigma,lj13_min_0610
611,-37.8485530595,epsilon,sigma,lj13_min_0611
612,-37.8457039423,epsilon,sigma,lj13_min_0612
613,-37.8436960457,epsilon,sigma,lj13_min_0613
614,-37.8436517322,epsilon,sigma,lj13_min_0614
615,-37.8434717095,epsilon,sigma,lj13_min_0615
616,-37.8426788373,epsilon,sigma,lj13_min_0616
617,-37.8422445605,epsilon,sigma,lj13_min_0617
618,-37.841315322,epsilon,sigma,lj13_min_0618
619,-37.8412377221,epsilon,sigma,lj13_min_0619
620,-37.8400481735,epsilon,sigma,lj13_min_0620
621,-37.8392748363,epsilon,sigma,lj13_min_0621
622,-37.8392363395,epsilon,sigma,lj13_min_0622
623,-37.8387221425,epsilon,sigma,lj13_min_0623
624,-37.8385599817,epsilon,sigma,lj13_min_0624
625,-37.8380374227,epsilon,sigma,lj13_min_0625
626,-37.8364829566,epsilon,sigma,lj13_min_0626
627,-37.8345246279,epsilon,sigma,lj13_min_0627
628,-37.8330408541,epsilon,sigma,lj13_min_0628
629,-37.8326699926,epsilon,sigma,lj13_min_0629
630,-37.8322109785,epsilon,sigma,lj13_min_0630
631,-37.8319999835,epsilon,sigma,lj13_min_0631
632,-37.8309724858,epsilon,sigma,lj13_min_0632
633,-37.8306542527,epsilon,sigma,lj13_min_0633
634,-37.8302849482,epsilon,sigma,lj13_min_0634
635,-37.8295160383,epsilon,sigma,lj13_min_0635
636,-37.8255577775,epsilon,sigma,lj13_min_0636
637,-37.8240213126,epsilon,sigma,lj13_min_0637
638,-37.8234977448,epsilon,sigma,lj13_min_0638
639,-37.8232523162,epsilon,sigma,lj13_min_0639
640,-37.8216804683,epsilon,sigma,lj13_min_0640
641,-37.8211645517,epsilon,sigma,lj13_min_0641
642,-37.8181952202,epsilon,sigma,lj13_min_0642
643,-37.817110317,epsilon,sigma,lj13_min_0643
644,-37.814746873,epsilon,sigma,lj13_min_0644
645,-37.813859933,epsilon,sigma,lj13_min_0645
646,-37.8110540157,epsilon,sigma,lj13_min_0646
647,-37.810865637,epsilon,sigma,lj13_min_0647
648,-37.8049522133,epsilon,sigma,lj13_min_0648
649,-37.7970878649,epsilon,sigma,lj13_min_0649
650,-37.7959542595,epsilon,sigma,lj13_min_0650
651,-37.7958695549,epsilon,sigma,lj13_min_0651
652,-37.7951604806,epsilon,sigma,lj13_min_0652
653,-37.7930020599,epsilon,sigma,lj13_min_0653
654,-37.7918741824,epsilon,sigma,lj13_min_0654
655,-37.7904152777,epsilon,sigma,lj13_min_0655
656,-37.789095184,epsilon,sigma,lj13_min_0656
657,-37.787781197,epsilon,sigma,lj13_min_0657
658,-37.7859617851,epsilon,sigma,lj13_min_0658
659,-37.7855541498,epsilon,sigma,lj13_min_0659
660,-37.7843704317,epsilon,sigma,lj13_min_0660
661,-37.7840106591,epsilon,sigma,lj13_min_0661
662,-37.783702058,epsilon,sigma,lj13_min_0662
663,-37.7826624699,epsilon,sigma,lj13_min_0663
664,-37.7815924205,epsilon,sigma,lj13_min_0664
665,-37.7800391841,epsilon,sigma,lj13_min_0665
666,-37.7786646511,epsilon,sigma,lj13_min_0666
667,-37.7774257777,epsilon,sigma,lj13_min_0667
668,-37.7753549442,epsilon,sigma,lj13_min_0668
669,-37.7745643345,epsilon,sigma,lj13_min_0669
670,-37.7686276728,epsilon,sigma,lj13_min_0670
671,-37.7684396421,epsilon,sigma,lj13_min_0671
672,-37.7678012997,epsilon,sigma,lj13_min_0672
673,-37.7670896167,epsilon,sigma,lj13_min_0673
674,-37.7666529525,epsilon,sigma,lj13_min_0674
675,-37.7659073356,epsilon,sigma,lj13_min_0675
676,-37.7634693771,epsilon,sigma,lj13_min_0676
677,-37.7627946285,epsilon,sigma,lj13_min_0677
678,-37.761101742,epsilon,sigma,lj13_min_0678
679,-37.7607256787,epsilon,sigma,lj13_min_0679
680,-37.7605571499,epsilon,sigma,lj13_min_0680
681,-37.7602078936,epsilon,sigma,lj13_min_0681
682,-37.7595977944,epsilon,sigma,lj13_min_0682
683,-37.7578830109,epsilon,sigma,lj13_min_0683
684,-37.7562721104,epsilon,sigma,lj13_min_0684
685,-37.756004381,epsilon,sigma,lj13_min_0685
686,-37.7550747236,epsilon,sigma,lj13_min_0686
687,-37.7512355095,epsilon,sigma,lj13_min_0687
688,-37.7504383092,epsilon,sigma,lj13_min_0688
689,-37.7502543814,epsilon,sigma,lj13_min_0689
690,-37.7502309172,epsilon,sigma,lj13_min_0690
691,-37.7479180328,epsilon,sigma,lj13_min_0691
692,-37.7466468882,epsilon,sigma,lj13_min_0692
693,-37.7452623619,epsilon,sigma,lj13_min_0693
694,-37.7442315056,epsilon,sigma,lj13_min_0694
695,-37.7431693463,epsilon,sigma,lj13_min_0695
696,-37.7428609621,epsilon,sigma,lj13_min_0696
697,-37.7390851494,epsilon,sigma,lj13_min_0697
698,-37.7388087278,epsilon,sigma,lj13_min_0698
699,-37.7383437769,epsilon,sigma,lj13_min_0699
700,-37.7378368559,epsilon,sigma,lj13_min_0700
701,-37.7372582635,epsilon,sigma,lj13_min_0701
702,-37.7369512851,epsilon,sigma,lj13_min_0702
703,-37.7365985166,epsilon,sigma,lj13_min_0703
704,-37.7362565648,epsilon,sigma,lj13_min_0704
705,-37.7358142122,epsilon,sigma,lj13_min_0705
706,-37.7353324608,epsilon,sigma,lj13_min_0706
707,-37.7350701974,epsilon,sigma,lj13_min_0707
708,-37.7343379369,epsilon,sigma,lj13_min_0708
709,-37.7316693723,epsilon,sigma,lj13_min_0709
710,-37.7311354522,epsilon,sigma,lj13_min_0710
711,-37.7298423937,epsilon,sigma,lj13_min_0711
712,-37.7270566562,epsilon,sigma,lj13_min_0712
713,-37.7244069777,epsilon,sigma,lj13_min_0713
714,-37.723268585,epsilon,sigma,lj13_min_0714
715,-37.722279054,epsilon,sigma,lj13_min_0715
716,-37.7212543907,epsilon,sigma,lj13_min_0716
717,-37.7195460197,epsilon,sigma,lj13_min_0717
718,-37.7184717363,epsilon,sigma,lj13_min_0718
719,-37.7171658973,epsilon,sigma,lj13_min_0719
720,-37.716897934,epsilon,sigma,lj13_min_0720
721,-37.7112840896,epsilon,sigma,lj13_min_0721
722,-37.7100355073,epsilon,sigma,lj13_min_0722
723,-37.7074916103,epsilon,sigma,lj13_min_0723
724,-37.706030496,epsilon,sigma,lj13_min_0724
725,-37.7049226115,epsilon,sigma,lj13_min_0725
726,-37.7040307984,epsilon,sigma,lj13_min_0726
727,-37.7030375545,epsilon,sigma,lj13_min_0727
728,-37.6995064293,epsilon,sigma,lj13_min_0728
729,-37.6990335524,epsilon,sigma,lj13_min_0729
730,-37.6899607924,epsilon,sigma,lj13_min_0730
731,-37.6846641785,epsilon,sigma,lj13_min_0731
732,-37.6842825199,epsilon,sigma,lj13_min_0732
733,-37.6834982401,epsilon,sigma,lj13_min_0733
734,-37.6820167096,epsilon,sigma,lj13_min_0734
735,-37.6799499792,epsilon,sigma,lj13_min_0735
736,-37.6778399549,epsilon,sigma,lj13_min_0736
737,-37.6768714575,epsilon,sigma,lj13_min_0737
738,-37.6732781276,epsilon,sigma,lj13_min_0738
739,-37.6709874888,epsilon,sigma,lj13_min_0739
740,-37.6688491353,epsilon,sigma,lj13_min_0740
741,-37.6676331328,epsilon,sigma,lj13_min_0741
742,-37.6662485223,epsilon,sigma,lj13_min_0742
743,-37.6613073945,epsilon,sigma,lj13_min_0743
744,-37.6608701874,epsilon,sigma,lj13_min_0744
745,-37.6602681391,epsilon,sigma,lj13_min_0745
746,-37.6587543867,epsilon,sigma,lj13_min_0746
747,-37.656238734,epsilon,sigma,lj13_min_0747
748,-37.655226859,epsilon,sigma,lj13_min_0748
749,-37.6550488506,epsilon,sigma,lj13_min_0749
750,-37.6518735218,epsilon,sigma,lj13_min_0750
751,-37.6503958028,epsilon,sigma,lj13_min_0751
752,-37.6501505125,epsilon,sigma,lj13_min_0752
753,-37.6459240705,epsilon,sigma,lj13_min_0753
754,-37.6431895315,epsilon,sigma,lj13_min_0754
755,-37.6417120325,epsilon,sigma,lj13_min_0755
756,-37.6414228821,epsilon,sigma,lj13_min_0756
757,-37.6402652223,epsilon,sigma,lj13_min_0757
758,-37.6385844723,epsilon,sigma,lj13_min_0758
759,-37.6352730019,epsilon,sigma,lj13_min_0759
760,-37.6339801073,epsilon,sigma,lj13_min_0760
761,-37.6339132491,epsilon,sigma,lj13_min_0761
762,-37.6330367428,epsilon,sigma,lj13_min_0762
763,-37.6317576084,epsilon,sigma,lj13_min_0763
764,-37.6305129253,epsilon,sigma,lj13_min_0764
765,-37.6294469113,epsilon,sigma,lj13_min_0765
766,-37.6264670584,epsilon,sigma,lj13_min_0766
767,-37.6262252789,epsilon,sigma,lj13_min_0767
768,-37.6253563112,epsilon,sigma,lj13_min_0768
769,-37.6224121188,epsilon,sigma,lj13_min_0769
770,-37.6218279166,epsilon,sigma,lj13_min_0770
771,-37.6214558926,epsilon,sigma,lj13_min_0771
772,-37.6206968601,epsilon,sigma,lj13_min_0772
773,-37.6203722363,epsilon,sigma,lj13_min_0773
774,-37.6196139668,epsilon,sigma,lj13_min_0774
775,-37.6165883314,epsilon,sigma,lj13_min_0775
776,-37.6147264461,epsilon,sigma,lj13_min_0776
777,-37.6143174975,epsilon,sigma,lj13_min_0777
778,-37.6142845342,epsilon,sigma,lj13_min_0778
779,-37.6110929709,epsilon,sigma,lj13_min_0779
780,-37.6101842277,epsilon,sigma,lj13_min_0780
781,-37.6098640899,epsilon,sigma,lj13_min_0781
782,-37.6093713813,epsilon,sigma,lj13_min_0782
783,-37.6072708689,epsilon,sigma,lj13_min_0783
784,-37.6068413186,epsilon,sigma,lj13_min_0784
785,-37.6061858014,epsilon,sigma,lj13_min_0785
786,-37.6054569312,epsilon,sigma,lj13_min_0786
787,-37.600746629,epsilon,sigma,lj13_min_0787
788,-37.6002735218,epsilon,sigma,lj13_min_0788
789,-37.5990954397,epsilon,sigma,lj13_min_0789
790,-37.5981337026,epsilon,sigma,lj13_min_0790
791,-37.5976195051,epsilon,sigma,lj13_min_0791
792,-37.5964635132,epsilon,sigma,lj13_min_0792
793,-37.5944796016,epsilon,sigma,lj13_min_0793
794,-37.5941772222,epsilon,sigma,lj13_min_0794
795,-37.5934798996,epsilon,sigma,lj13_min_0795
796,-37.5922803521,epsilon,sigma,lj13_min_0796
797,-37.5915587675,epsilon,sigma,lj13_min_0797
798,-37.5903962894,epsilon,sigma,lj13_min_0798
799,-37.589895785,epsilon,sigma,lj13_min_0799
800,-37.5897739563,epsilon,sigma,lj13_min_0800
801,-37.5881005621,epsilon,sigma,lj13_min_0801
802,-37.5843138952,epsilon,sigma,lj13_min_0802
803,-37.5837442961,epsilon,sigma,lj13_min_0803
804,-37.5823963685,epsilon,sigma,lj13_min_0804
805,-37.5823181136,epsilon,sigma,lj13_min_0805
806,-37.5806133649,epsilon,sigma,lj13_min_0806
807,-37.5801001407,epsilon,sigma,lj13_min_0807
808,-37.5782175659,epsilon,sigma,lj13_min_0808
809,-37.5755965031,epsilon,sigma,lj13_min_0809
810,-37.574651336,epsilon,sigma,lj13_min_0810
811,-37.5735842767,epsilon,sigma,lj13_min_0811
812,-37.5734818798,epsilon,sigma,lj13_min_0812
813,-37.5714276235,epsilon,sigma,lj13_min_0813
814,-37.5707206497,epsilon,sigma,lj13_min_0814
815,-37.5689655987,epsilon,sigma,lj13_min_0815
816,-37.5682036343,epsilon,sigma,lj13_min_0816
817,-37.5673972469,epsilon,sigma,lj13_min_0817
818,-37.5646235854,epsilon,sigma,lj13_min_0818
819,-37.5619713068,epsilon,sigma,lj13_min_0819
820,-37.5607142471,epsilon,sigma,lj13_min_0820
821,-37.560516092,epsilon,sigma,lj13_min_0821
822,-37.5573743742,epsilon,sigma,lj13_min_0822
823,-37.5554360196,epsilon,sigma,lj13_min_0823
824,-37.5522311529,epsilon,sigma,lj13_min_0824
825,-37.5492254863,epsilon,sigma,lj13_min_0825
826,-37.5482493566,epsilon,sigma,lj13_min_0826
827,-37.5443202078,epsilon,sigma,lj13_min_0827
828,-37.5412747327,epsilon,sigma,lj13_min_0828
829,-37.5392940256,epsilon,sigma,lj13_min_0829
830,-37.5387085601,epsilon,sigma,lj13_min_0830
831,-37.5375569045,epsilon,sigma,lj13_min_0831
832,-37.5358019539,epsilon,sigma,lj13_min_0832
833,-37.5349589009,epsilon,sigma,lj13_min_0833
834,-37.5341463604,epsilon,sigma,lj13_min_0834
835,-37.5334014017,epsilon,sigma,lj13_min_0835
836,-37.5326261094,epsilon,sigma,lj13_min_0836
837,-37.5313534396,epsilon,sigma,lj13_min_0837
838,-37.5291725363,epsilon,sigma,lj13_min_0838
839,-37.5277489545,epsilon,sigma,lj13_min_0839
840,-37.5246555847,epsilon,sigma,lj13_min_0840
841,-37.5220975471,epsilon,sigma,lj13_min_0841
842,-37.5209521487,epsilon,sigma,lj13_min_0842
843,-37.5204325285,epsilon,sigma,lj13_min_0843
844,-37.51877786,epsilon,sigma,lj13_min_0844
845,-37.5174285172,epsilon,sigma,lj13_min_0845
846,-37.5168896002,epsilon,sigma,lj13_min_0846
847,-37.5128656726,epsilon,sigma,lj13_min_0847
848,-37.5122469893,epsilon,sigma,lj13_min_0848
849,-37.5113017149,epsilon,sigma,lj13_min_0849
850,-37.5104188783,epsilon,sigma,lj13_min_0850
851,-37.5082583373,epsilon,sigma,lj13_min_0851
852,-37.5065655505,epsilon,sigma,lj13_min_0852
853,-37.5051708717,epsilon,sigma,lj13_min_0853
854,-37.5049677897,epsilon,sigma,lj13_min_0854
855,-37.5048951699,epsilon,sigma,lj13_min_0855
856,-37.5035778424,epsilon,sigma,lj13_min_0856
857,-37.5034827752,epsilon,sigma,lj13_min_0857
858,-37.5032825807,epsilon,sigma,lj13_min_0858
859,-37.5012508835,epsilon,sigma,lj13_min_0859
860,-37.5004244157,epsilon,sigma,lj13_min_0860
861,-37.5001885631,epsilon,sigma,lj13_min_0861
862,-37.498160382,epsilon,sigma,lj13_min_0862
863,-37.4980149541,epsilon,sigma,lj13_min_0863
864,-37.4963010803,epsilon,sigma,lj13_min_0864
865,-37.4960459547,epsilon,sigma,lj13_min_0865
866,-37.4948155981,epsilon,sigma,lj13_min_0866
867,-37.4931738968,epsilon,sigma,lj13_min_0867
868,-37.4917792123,epsilon,sigma,lj13_min_0868
869,-37.4917028584,epsilon,sigma,lj13_min_0869
870,-37.4898438848,epsilon,sigma,lj13_min_0870
871,-37.4888868535,epsilon,sigma,lj13_min_0871
872,-37.4881334742,epsilon,sigma,lj13_min_0872
873,-37.4841815977,epsilon,sigma,lj13_min_0873
874,-37.4841144684,epsilon,sigma,lj13_min_0874
875,-37.4839279718,epsilon,sigma,lj13_min_0875
876,-37.4819197715,epsilon,sigma,lj13_min_0876
877,-37.4807553913,epsilon,sigma,lj13_min_0877
878,-37.4807232418,epsilon,sigma,lj13_min_0878
879,-37.4803390451,epsilon,sigma,lj13_min_0879
880,-37.4800156168,epsilon,sigma,lj13_min_0880
881,-37.4782136656,epsilon,sigma,lj13_min_0881
882,-37.4776154562,epsilon,sigma,lj13_min_0882
883,-37.4768511878,epsilon,sigma,lj13_min_0883
884,-37.4758061765,epsilon,sigma,lj13_min_0884
885,-37.4741762127,epsilon,sigma,lj13_min_0885
886,-37.4715643754,epsilon,sigma,lj13_min_0886
887,-37.4706515372,epsilon,sigma,lj13_min_0887
888,-37.468398063,epsilon,sigma,lj13_min_0888
889,-37.4658604246,epsilon,sigma,lj13_min_0889
890,-37.4640060498,epsilon,sigma,lj13_min_0890
891,-37.4637216352,epsilon,sigma,lj13_min_0891
892,-37.4629691318,epsilon,sigma,lj13_min_0892
893,-37.4592315935,epsilon,sigma,lj13_min_0893
894,-37.4586256043,epsilon,sigma,lj13_min_0894
895,-37.4583916495,epsilon,sigma,lj13_min_0895
896,-37.4553225656,epsilon,sigma,lj13_min_0896
897,-37.4547437508,epsilon,sigma,lj13_min_0897
898,-37.4535599792,epsilon,sigma,lj13_min_0898
899,-37.453153172,epsilon,sigma,lj13_min_0899
900,-37.4519904844,epsilon,sigma,lj13_min_0900
901,-37.4500792959,epsilon,sigma,lj13_min_0901
902,-37.447771188,epsilon,sigma,lj13_min_0902
903,-37.4415469798,epsilon,sigma,lj13_min_0903
904,-37.4414996469,epsilon,sigma,lj13_min_0904
905,-37.440008108,epsilon,sigma,lj13_min_0905
906,-37.4397999111,epsilon,sigma,lj13_min_0906
907,-37.4394162567,epsilon,sigma,lj13_min_0907
908,-37.4393406609,epsilon,sigma,lj13_min_0908
909,-37.4391847961,epsilon,sigma,lj13_min_0909
910,-37.4389787969,epsilon,sigma,lj13_min_0910
911,-37.4384742437,epsilon,sigma,lj13_min_0911
912,-37.4329550601,epsilon,sigma,lj13_min_0912
913,-37.4323483877,epsilon,sigma,lj13_min_0913
914,-37.4296590155,epsilon,sigma,lj13_min_0914
915,-37.4293073996,epsilon,sigma,lj13_min_0915
916,-37.4287079512,epsilon,sigma,lj13_min_0916
917,-37.4283193939,epsilon,sigma,lj13_min_0917
918,-37.4266919947,epsilon,sigma,lj13_min_0918
919,-37.425076968,epsilon,sigma,lj13_min_0919
920,-37.4224390388,epsilon,sigma,lj13_min_0920
921,-37.4215705539,epsilon,sigma,lj13_min_0921
922,-37.4214740989,epsilon,sigma,lj13_min_0922
923,-37.4208253208,epsilon,sigma,lj13_min_0923
924,-37.4202648733,epsilon,sigma,lj13_min_0924
925,-37.420188484,epsilon,sigma,lj13_min_0925
926,-37.4197067051,epsilon,sigma,lj13_min_0926
927,-37.4194206097,epsilon,sigma,lj13_min_0927
928,-37.4192166598,epsilon,sigma,lj13_min_0928
929,-37.4190934354,epsilon,sigma,lj13_min_0929
930,-37.4175848233,epsilon,sigma,lj13_min_0930
931,-37.412218573,epsilon,sigma,lj13_min_0931
932,-37.4119243627,epsilon,sigma,lj13_min_0932
933,-37.4113118959,epsilon,sigma,lj13_min_0933
934,-37.407052082,epsilon,sigma,lj13_min_0934
935,-37.4061822339,epsilon,sigma,lj13_min_0935
936,-37.405023956,epsilon,sigma,lj13_min_0936
937,-37.3976882267,epsilon,sigma,lj13_min_0937
938,-37.3976391471,epsilon,sigma,lj13_min_0938
939,-37.3965648922,epsilon,sigma,lj13_min_0939
940,-37.3948573849,epsilon,sigma,lj13_min_0940
941,-37.3944218386,epsilon,sigma,lj13_min_0941
942,-37.3933992547,epsilon,sigma,lj13_min_0942
943,-37.3923841956,epsilon,sigma,lj13_min_0943
944,-37.3905815061,epsilon,sigma,lj13_min_0944
945,-37.387080121,epsilon,sigma,lj13_min_0945
946,-37.3840948273,epsilon,sigma,lj13_min_0946
947,-37.3835827977,epsilon,sigma,lj13_min_0947
948,-37.3810525486,epsilon,sigma,lj13_min_0948
949,-37.3803104972,epsilon,sigma,lj13_min_0949
950,-37.3802219225,epsilon,sigma,lj13_min_0950
951,-37.3793227863,epsilon,sigma,lj13_min_0951
952,-37.3770907127,epsilon,sigma,lj13_min_0952
953,-37.3769250481,epsilon,sigma,lj13_min_0953
954,-37.3765039178,epsilon,sigma,lj13_min_0954
955,-37.3756755874,epsilon,sigma,lj13_min_0955
956,-37.3731059864,epsilon,sigma,lj13_min_0956
957,-37.3689484335,epsilon,sigma,lj13_min_0957
958,-37.3684167799,epsilon,sigma,lj13_min_0958
959,-37.3626910939,epsilon,sigma,lj13_min_0959
960,-37.362114043,epsilon,sigma,lj13_min_0960
961,-37.3620293948,epsilon,sigma,lj13_min_0961
962,-37.3613879675,epsilon,sigma,lj13_min_0962
963,-37.3590365951,epsilon,sigma,lj13_min_0963
964,-37.3548816857,epsilon,sigma,lj13_min_0964
965,-37.3524543767,epsilon,sigma,lj13_min_0965
966,-37.347803667,epsilon,sigma,lj13_min_0966
967,-37.3475405088,epsilon,sigma,lj13_min_0967
968,-37.3471004812,epsilon,sigma,lj13_min_0968
969,-37.3466817096,epsilon,sigma,lj13_min_0969
970,-37.3457929731,epsilon,sigma,lj13_min_0970
971,-37.3448142842,epsilon,sigma,lj13_min_0971
972,-37.3443981817,epsilon,sigma,lj13_min_0972
973,-37.3432657848,epsilon,sigma,lj13_min_0973
974,-37.3426065882,epsilon,sigma,lj13_min_0974
975,-37.3375278392,epsilon,sigma,lj13_min_0975
976,-37.3370690403,epsilon,sigma,lj13_min_0976
977,-37.3361416867,epsilon,sigma,lj13_min_0977
978,-37.3351031297,epsilon,sigma,lj13_min_0978
979,-37.3324983664,epsilon,sigma,lj13_min_0979
980,-37.3315379587,epsilon,sigma,lj13_min_0980
981,-37.3275359755,epsilon,sigma,lj13_min_0981
982,-37.3200538164,epsilon,sigma,lj13_min_0982
983,-37.3182601669,epsilon,sigma,lj13_min_0983
984,-37.3170637189,epsilon,sigma,lj13_min_0984
985,-37.3154692626,epsilon,sigma,lj13_min_0985
986,-37.3142111557,epsilon,sigma,lj13_min_0986
987,-37.3134899755,epsilon,sigma,lj13_min_0987
988,-37.3120794208,epsilon,sigma,lj13_min_0988
989,-37.3097523616,epsilon,sigma,lj13_min_0989
990,-37.3092455143,epsilon,sigma,lj13_min_0990
991,-37.3076252525,epsilon,sigma,lj13_min_0991
992,-37.3055821769,epsilon,sigma,lj13_min_0992
993,-37.3041424137,epsilon,sigma,lj13_min_0993
994,-37.3035148388,epsilon,sigma,lj13_min_0994
995,-37.3018003408,epsilon,sigma,lj13_min_0995
996,-37.3009823526,epsilon,sigma,lj13_min_0996
997,-37.3006701434,epsilon,sigma,lj13_min_0997
998,-37.2975000533,epsilon,sigma,lj13_min_0998
999,-37.29531492,epsilon,sigma,lj13_min_0999
1000,-37.2932101962,epsilon,sigma,lj13_min_1000
1001,-37.2929782957,epsilon,sigma,lj13_min_1001
1002,-37.292716975,epsilon,sigma,lj13_min_1002
1003,-37.2924619766,epsilon,sigma,lj13_min_1003
1004,-37.2906841175,epsilon,sigma,lj13_min_1004
1005,-37.288039287,epsilon,sigma,lj13_min_1005
1006,-37.2852468538,epsilon,sigma,lj13_min_1006
1007,-37.2849356027,epsilon,sigma,lj13_min_1007
1008,-37.2826615425,epsilon,sigma,lj13_min_1008
1009,-37.2822780235,epsilon,sigma,lj13_min_1009
1010,-37.2809888307,epsilon,sigma,lj13_min_1010
1011,-37.2808785444,epsilon,sigma,lj13_min_1011
1012,-37.279754818,epsilon,sigma,lj13_min_1012
1013,-37.2777874272,epsilon,sigma,lj13_min_1013
1014,-37.2756041433,epsilon,sigma,lj13_min_1014
1015,-37.272954996,epsilon,sigma,lj13_min_1015
1016,-37.2727228428,epsilon,sigma,lj13_min_1016
1017,-37.268769021,epsilon,sigma,lj13_min_1017
1018,-37.2686489383,epsilon,sigma,lj13_min_1018
1019,-37.2634149255,epsilon,sigma,lj13_min_1019
1020,-37.2633984943,epsilon,sigma,lj13_min_1020
1021,-37.2614522926,epsilon,sigma,lj13_min_1021
1022,-37.2609424274,epsilon,sigma,lj13_min_1022
1023,-37.2608781128,epsilon,sigma,lj13_min_1023
1024,-37.2600914809,epsilon,sigma,lj13_min_1024
1025,-37.2594746698,epsilon,sigma,lj13_min_1025
1026,-37.2573626482,epsilon,sigma,lj13_min_1026
1027,-37.2572373866,epsilon,sigma,lj13_min_1027
1028,-37.2529152971,epsilon,sigma,lj13_min_1028
1029,-37.2517871987,epsilon,sigma,lj13_min_1029
1030,-37.2500459173,epsilon,sigma,lj13_min_1030
1031,-37.2495701942,epsilon,sigma,lj13_min_1031
1032,-37.2479667448,epsilon,sigma,lj13_min_1032
1033,-37.2445870658,epsilon,sigma,lj13_min_1033
1034,-37.244495013,epsilon,sigma,lj13_min_1034
1035,-37.2432565893,epsilon,sigma,lj13_min_1035
1036,-37.2401855207,epsilon,sigma,lj13_min_1036
1037,-37.2392644462,epsilon,sigma,lj13_min_1037
1038,-37.2388625803,epsilon,sigma,lj13_min_1038
1039,-37.2377059273,epsilon,sigma,lj13_min_1039
1040,-37.2340174618,epsilon,sigma,lj13_min_1040
1041,-37.2334816634,epsilon,sigma,lj13_min_1041
1042,-37.2317060076,epsilon,sigma,lj13_min_1042
1043,-37.2304217093,epsilon,sigma,lj13_min_1043
1044,-37.2296513879,epsilon,sigma,lj13_min_1044
1045,-37.2288195051,epsilon,sigma,lj13_min_1045
1046,-37.2273765055,epsilon,sigma,lj13_min_1046
1047,-37.2235412441,epsilon,sigma,lj13_min_1047
1048,-37.2229499985,epsilon,sigma,lj13_min_1048
1049,-37.221436198,epsilon,sigma,lj13_min_1049
1050,-37.2213311633,epsilon,sigma,lj13_min_1050
1051,-37.2212715215,epsilon,sigma,lj13_min_1051
1052,-37.2204145824,epsilon,sigma,lj13_min_1052
1053,-37.2203051226,epsilon,sigma,lj13_min_1053
1054,-37.2185518007,epsilon,sigma,lj13_min_1054
1055,-37.2167544597,epsilon,sigma,lj13_min_1055
1056,-37.2155503697,epsilon,sigma,lj13_min_1056
1057,-37.212971083,epsilon,sigma,lj13_min_1057
1058,-37.2119027482,epsilon,sigma,lj13_min_1058
1059,-37.2104973002,epsilon,sigma,lj13_min_1059
1060,-37.2058225782,epsilon,sigma,lj13_min_1060
1061,-37.2046825577,epsilon,sigma,lj13_min_1061
1062,-37.2035788945,epsilon,sigma,lj13_min_1062
1063,-37.2007425069,epsilon,sigma,lj13_min_1063
1064,-37.2005924745,epsilon,sigma,lj13_min_1064
1065,-37.1979631422,epsilon,sigma,lj13_min_1065
1066,-37.1977565695,epsilon,sigma,lj13_min_1066
1067,-37.1963377791,epsilon,sigma,lj13_min_1067
1068,-37.1945550304,epsilon,sigma,lj13_min_1068
1069,-37.191903009,epsilon,sigma,lj13_min_1069
1070,-37.1918119503,epsilon,sigma,lj13_min_1070
1071,-37.1914402405,epsilon,sigma,lj13_min_1071
1072,-37.1911747368,epsilon,sigma,lj13_min_1072
1073,-37.1806429883,epsilon,sigma,lj13_min_1073
1074,-37.1805290984,epsilon,sigma,lj13_min_1074
1075,-37.1770791733,epsilon,sigma,lj13_min_1075
1076,-37.1765879467,epsilon,sigma,lj13_min_1076
1077,-37.1739741862,epsilon,sigma,lj13_min_1077
1078,-37.1672013677,epsilon,sigma,lj13_min_1078
1079,-37.1657287471,epsilon,sigma,lj13_min_1079
1080,-37.165725466,epsilon,sigma,lj13_min_1080
1081,-37.1639082174,epsilon,sigma,lj13_min_1081
1082,-37.1617100986,epsilon,sigma,lj13_min_1082
1083,-37.1612165998,epsilon,sigma,lj13_min_1083
1084,-37.1596333631,epsilon,sigma,lj13_min_1084
1085,-37.1570254096,epsilon,sigma,lj13_min_1085
1086,-37.1555449404,epsilon,sigma,lj13_min_1086
1087,-37.1514507315,epsilon,sigma,lj13_min_1087
1088,-37.1513334132,epsilon,sigma,lj13_min_1088
1089,-37.1495740747,epsilon,sigma,lj13_min_1089
1090,-37.1491444863,epsilon,sigma,lj13_min_1090
1091,-37.1477901381,epsilon,sigma,lj13_min_1091
1092,-37.1469073819,epsilon,sigma,lj13_min_1092
1093,-37.1451028975,epsilon,sigma,lj13_min_1093
1094,-37.1440862777,epsilon,sigma,lj13_min_1094
1095,-37.1438439368,epsilon,sigma,lj13_min_1095
1096,-37.1424262384,epsilon,sigma,lj13_min_1096
1097,-37.1408165647,epsilon,sigma,lj13_min_1097
1098,-37.1399772849,epsilon,sigma,lj13_min_1098
1099,-37.1378748402,epsilon,sigma,lj13_min_1099
1100,-37.1376753503,epsilon,sigma,lj13_min_1100
1101,-37.1349787555,epsilon,sigma,lj13_min_1101
1102,-37.1325342535,epsilon,sigma,lj13_min_1102
1103,-37.1318194225,epsilon,sigma,lj13_min_1103
1104,-37.1261618041,epsilon,sigma,lj13_min_1104
1105,-37.1254446468,epsilon,sigma,lj13_min_1105
1106,-37.1232795286,epsilon,sigma,lj13_min_1106
1107,-37.1231612987,epsilon,sigma,lj13_min_1107
1108,-37.1131778368,epsilon,sigma,lj13_min_1108
1109,-37.1112140291,epsilon,sigma,lj13_min_1109
1110,-37.110314826,epsilon,sigma,lj13_min_1110
1111,-37.1095209998,epsilon,sigma,lj13_min_1111
1112,-37.1062133372,epsilon,sigma,lj13_min_1112
1113,-37.1025815785,epsilon,sigma,lj13_min_1113
1114,-37.1003543616,epsilon,sigma,lj13_min_1114
1115,-37.0982314148,epsilon,sigma,lj13_min_1115
1116,-37.0976782024,epsilon,sigma,lj13_min_1116
1117,-37.0946732117,epsilon,sigma,lj13_min_1117
1118,-37.092586871,epsilon,sigma,lj13_min_1118
1119,-37.0920584309,epsilon,sigma,lj13_min_1119
1120,-37.0889506123,epsilon,sigma,lj13_min_1120
1121,-37.0866156165,epsilon,sigma,lj13_min_1121
1122,-37.0864408742,epsilon,sigma,lj13_min_1122
1123,-37.0814226631,epsilon,sigma,lj13_min_1123
1124,-37.0808214574,epsilon,sigma,lj13_min_1124
1125,-37.0784683876,epsilon,sigma,lj13_min_1125
1126,-37.0735983221,epsilon,sigma,lj13_min_1126
1127,-37.071723035,epsilon,sigma,lj13_min_1127
1128,-37.0654530463,epsilon,sigma,lj13_min_1128
1129,-37.0651457672,epsilon,sigma,lj13_min_1129
1130,-37.0592568334,epsilon,sigma,lj13_min_1130
1131,-37.0559782393,epsilon,sigma,lj13_min_1131
1132,-37.055125955,epsilon,sigma,lj13_min_1132
1133,-37.0507719921,epsilon,sigma,lj13_min_1133
1134,-37.0502560594,epsilon,sigma,lj13_min_1134
1135,-37.0465970374,epsilon,sigma,lj13_min_1135
1136,-37.0436193061,epsilon,sigma,lj13_min_1136
1137,-37.0421605988,epsilon,sigma,lj13_min_1137
1138,-37.0394199807,epsilon,sigma,lj13_min_1138
1139,-37.0332233693,epsilon,sigma,lj13_min_1139
1140,-37.0232358962,epsilon,sigma,lj13_min_1140
1141,-37.0199007924,epsilon,sigma,lj13_min_1141
1142,-37.0171230781,epsilon,sigma,lj13_min_1142
1143,-37.0168597285,epsilon,sigma,lj13_min_1143
1144,-37.0164740067,epsilon,sigma,lj13_min_1144
1145,-37.0123409793,epsilon,sigma,lj13_min_1145
1146,-37.0111850159,epsilon,sigma,lj13_min_1146
1147,-37.010207539,epsilon,sigma,lj13_min_1147
1148,-37.0056172607,epsilon,sigma,lj13_min_1148
1149,-37.0048906401,epsilon,sigma,lj13_min_1149
1150,-36.998823337,epsilon,sigma,lj13_min_1150
1151,-36.9909108678,epsilon,sigma,lj13_min_1151
1152,-36.9870179474,epsilon,sigma,lj13_min_1152
1153,-36.9857059313,epsilon,sigma,lj13_min_1153
1154,-36.9850259157,epsilon,sigma,lj13_min_1154
1155,-36.9840237095,epsilon,sigma,lj13_min_1155
1156,-36.9755952353,epsilon,sigma,lj13_min_1156
1157,-36.9750280145,epsilon,sigma,lj13_min_1157
1158,-36.9749644482,epsilon,sigma,lj13_min_1158
1159,-36.9680317235,epsilon,sigma,lj13_min_1159
1160,-36.9673521613,epsilon,sigma,lj13_min_1160
1161,-36.9657462844,epsilon,sigma,lj13_min_1161
1162,-36.953722088,epsilon,sigma,lj13_min_1162
1163,-36.9509892096,epsilon,sigma,lj13_min_1163
1164,-36.9466202373,epsilon,sigma,lj13_min_1164
1165,-36.940331668,epsilon,sigma,lj13_min_1165
1166,-36.9367624093,epsilon,sigma,lj13_min_1166
1167,-36.9263956199,epsilon,sigma,lj13_min_1167
1168,-36.9222849033,epsilon,sigma,lj13_min_1168
1169,-36.9201900935,epsilon,sigma,lj13_min_1169
1170,-36.9186586893,epsilon,sigma,lj13_min_1170
1171,-36.9157806824,epsilon,sigma,lj13_min_1171
1172,-36.9151264906,epsilon,sigma,lj13_min_1172
1173,-36.9114566526,epsilon,sigma,lj13_min_1173
1174,-36.9071744302,epsilon,sigma,lj13_min_1174
1175,-36.9005305333,epsilon,sigma,lj13_min_1175
1176,-36.8979637892,epsilon,sigma,lj13_min_1176
1177,-36.8928179671,epsilon,sigma,lj13_min_1177
1178,-36.8926617876,epsilon,sigma,lj13_min_1178
1179,-36.8857270938,epsilon,sigma,lj13_min_1179
1180,-36.8800315089,epsilon,sigma,lj13_min_1180
1181,-36.8775352169,epsilon,sigma,lj13_min_1181
1182,-36.876761702,epsilon,sigma,lj13_min_1182
1183,-36.8676227464,epsilon,sigma,lj13_min_1183
1184,-36.8668346838,epsilon,sigma,lj13_min_1184
1185,-36.8650026999,epsilon,sigma,lj13_min_1185
1186,-36.8643881861,epsilon,sigma,lj13_min_1186
1187,-36.8604162075,epsilon,sigma,lj13_min_1187
1188,-36.8575027092,epsilon,sigma,lj13_min_1188
1189,-36.8534384879,epsilon,sigma,lj13_min_1189
1190,-36.8519133179,epsilon,sigma,lj13_min_1190
1191,-36.8508268545,epsilon,sigma,lj13_min_1191
1192,-36.849299484,epsilon,sigma,lj13_min_1192
1193,-36.8486182957,epsilon,sigma,lj13_min_1193
1194,-36.8463526584,epsilon,sigma,lj13_min_1194
1195,-36.8445340839,epsilon,sigma,lj13_min_1195
1196,-36.840716418,epsilon,sigma,lj13_min_1196
1197,-36.8375848704,epsilon,sigma,lj13_min_1197
1198,-36.8352071472,epsilon,sigma,lj13_min_1198
1199,-36.8342694638,epsilon,sigma,lj13_min_1199
1200,-36.8328014314,epsilon,sigma,lj13_min_1200
1201,-36.8326950719,epsilon,sigma,lj13_min_1201
1202,-36.827945747,epsilon,sigma,lj13_min_1202
1203,-36.8259890838,epsilon,sigma,lj13_min_1203
1204,-36.8237555707,epsilon,sigma,lj13_min_1204
1205,-36.8232336045,epsilon,sigma,lj13_min_1205
1206,-36.8130842479,epsilon,sigma,lj13_min_1206
1207,-36.8130235342,epsilon,sigma,lj13_min_1207
1208,-36.8122094034,epsilon,sigma,lj13_min_1208
1209,-36.8121198468,epsilon,sigma,lj13_min_1209
1210,-36.8081672819,epsilon,sigma,lj13_min_1210
1211,-36.8053639316,epsilon,sigma,lj13_min_1211
1212,-36.8037188415,epsilon,sigma,lj13_min_1212
1213,-36.7993861843,epsilon,sigma,lj13_min_1213
1214,-36.7991867795,epsilon,sigma,lj13_min_1214
1215,-36.7940600034,epsilon,sigma,lj13_min_1215
1216,-36.7940251128,epsilon,sigma,lj13_min_1216
1217,-36.7927724943,epsilon,sigma,lj13_min_1217
1218,-36.7900698967,epsilon,sigma,lj13_min_1218
1219,-36.7885226025,epsilon,sigma,lj13_min_1219
1220,-36.7848542701,epsilon,sigma,lj13_min_1220
1221,-36.78113658,epsilon,sigma,lj13_min_1221
1222,-36.7806987479,epsilon,sigma,lj13_min_1222
1223,-36.7767755532,epsilon,sigma,lj13_min_1223
1224,-36.765747459,epsilon,sigma,lj13_min_1224
1225,-36.7622873371,epsilon,sigma,lj13_min_1225
1226,-36.7590942759,epsilon,sigma,lj13_min_1226
1227,-36.7573903634,epsilon,sigma,lj13_min_1227
1228,-36.7541942503,epsilon,sigma,lj13_min_1228
1229,-36.7537627404,epsilon,sigma,lj13_min_1229
1230,-36.751178112,epsilon,sigma,lj13_min_1230
1231,-36.7503188781,epsilon,sigma,lj13_min_1231
1232,-36.7500069162,epsilon,sigma,lj13_min_1232
1233,-36.7495156426,epsilon,sigma,lj13_min_1233
1234,-36.7458589113,epsilon,sigma,lj13_min_1234
1235,-36.7398408241,epsilon,sigma,lj13_min_1235
1236,-36.7387604854,epsilon,sigma,lj13_min_1236
1237,-36.7365900614,epsilon,sigma,lj13_min_1237
1238,-36.7293573675,epsilon,sigma,lj13_min_1238
1239,-36.7276211837,epsilon,sigma,lj13_min_1239
1240,-36.7206240216,epsilon,sigma,lj13_min_1240
1241,-36.7198292565,epsilon,sigma,lj13_min_1241
1242,-36.7163392358,epsilon,sigma,lj13_min_1242
1243,-36.7127611975,epsilon,sigma,lj13_min_1243
1244,-36.7102489456,epsilon,sigma,lj13_min_1244
1245,-36.7092678291,epsilon,sigma,lj13_min_1245
1246,-36.7085630861,epsilon,sigma,lj13_min_1246
1247,-36.7072011662,epsilon,sigma,lj13_min_1247
1248,-36.7035090571,epsilon,sigma,lj13_min_1248
1249,-36.7031594396,epsilon,sigma,lj13_min_1249
1250,-36.6968553424,epsilon,sigma,lj13_min_1250
1251,-36.6957460783,epsilon,sigma,lj13_min_1251
1252,-36.6810486798,epsilon,sigma,lj13_min_1252
1253,-36.6808771578,epsilon,sigma,lj13_min_1253
1254,-36.6805248496,epsilon,sigma,lj13_min_1254
1255,-36.6796696303,epsilon,sigma,lj13_min_1255
1256,-36.6779311043,epsilon,sigma,lj13_min_1256
1257,-36.6779071842,epsilon,sigma,lj13_min_1257
1258,-36.6762043773,epsilon,sigma,lj13_min_1258
1259,-36.6708561141,epsilon,sigma,lj13_min_1259
1260,-36.669081312,epsilon,sigma,lj13_min_1260
1261,-36.6673612221,epsilon,sigma,lj13_min_1261
1262,-36.6659241223,epsilon,sigma,lj13_min_1262
1263,-36.6629388767,epsilon,sigma,lj13_min_1263
1264,-36.6619289973,epsilon,sigma,lj13_min_1264
1265,-36.6611213542,epsilon,sigma,lj13_min_1265
1266,-36.6601882986,epsilon,sigma,lj13_min_1266
1267,-36.6582607986,epsilon,sigma,lj13_min_1267
1268,-36.6578615581,epsilon,sigma,lj13_min_1268
1269,-36.6577606107,epsilon,sigma,lj13_min_1269
1270,-36.6568267839,epsilon,sigma,lj13_min_1270
1271,-36.6496648756,epsilon,sigma,lj13_min_1271
1272,-36.6441746985,epsilon,sigma,lj13_min_1272
1273,-36.6412682411,epsilon,sigma,lj13_min_1273
1274,-36.6397269815,epsilon,sigma,lj13_min_1274
1275,-36.6390702804,epsilon,sigma,lj13_min_1275
1276,-36.6386829171,epsilon,sigma,lj13_min_1276
1277,-36.6375204985,epsilon,sigma,lj13_min_1277
1278,-36.6347288114,epsilon,sigma,lj13_min_1278
1279,-36.6292268749,epsilon,sigma,lj13_min_1279
1280,-36.6225289566,epsilon,sigma,lj13_min_1280
1281,-36.6214529053,epsilon,sigma,lj13_min_1281
1282,-36.6173492986,epsilon,sigma,lj13_min_1282
1283,-36.6157126994,epsilon,sigma,lj13_min_1283
1284,-36.6156776632,epsilon,sigma,lj13_min_1284
1285,-36.6142661444,epsilon,sigma,lj13_min_1285
1286,-36.6134606379,epsilon,sigma,lj13_min_1286
1287,-36.6131624806,epsilon,sigma,lj13_min_1287
1288,-36.6104345731,epsilon,sigma,lj13_min_1288
1289,-36.605542521,epsilon,sigma,lj13_min_1289
1290,-36.6050937432,epsilon,sigma,lj13_min_1290
1291,-36.604944397,epsilon,sigma,lj13_min_1291
1292,-36.6001888846,epsilon,sigma,lj13_min_1292
1293,-36.5933395729,epsilon,sigma,lj13_min_1293
1294,-36.5903961386,epsilon,sigma,lj13_min_1294
1295,-36.5901859133,epsilon,sigma,lj13_min_1295
1296,-36.5890106983,epsilon,sigma,lj13_min_1296
1297,-36.5871133806,epsilon,sigma,lj13_min_1297
1298,-36.5840132698,epsilon,sigma,lj13_min_1298
1299,-36.5817111237,epsilon,sigma,lj13_min_1299
1300,-36.580353894,epsilon,sigma,lj13_min_1300
1301,-36.5783569037,epsilon,sigma,lj13_min_1301
1302,-36.5781984823,epsilon,sigma,lj13_min_1302
1303,-36.5771208928,epsilon,sigma,lj13_min_1303
1304,-36.5769924078,epsilon,sigma,lj13_min_1304
1305,-36.5741347114,epsilon,sigma,lj13_min_1305
1306,-36.5718665056,epsilon,sigma,lj13_min_1306
1307,-36.5707425266,epsilon,sigma,lj13_min_1307
1308,-36.5679591343,epsilon,sigma,lj13_min_1308
1309,-36.5657469075,epsilon,sigma,lj13_min_1309
1310,-36.5656327471,epsilon,sigma,lj13_min_1310
1311,-36.565492986,epsilon,sigma,lj13_min_1311
1312,-36.5633445402,epsilon,sigma,lj13_min_1312
1313,-36.5630578695,epsilon,sigma,lj13_min_1313
1314,-36.5626883749,epsilon,sigma,lj13_min_1314
1315,-36.5597801554,epsilon,sigma,lj13_min_1315
1316,-36.558023392,epsilon,sigma,lj13_min_1316
1317,-36.5549949908,epsilon,sigma,lj13_min_1317
1318,-36.5548152995,epsilon,sigma,lj13_min_1318
1319,-36.5522049636,epsilon,sigma,lj13_min_1319
1320,-36.5499399105,epsilon,sigma,lj13_min_1320
1321,-36.5496984607,epsilon,sigma,lj13_min_1321
1322,-36.5460214421,epsilon,sigma,lj13_min_1322
1323,-36.5398156792,epsilon,sigma,lj13_min_1323
1324,-36.5396160224,epsilon,sigma,lj13_min_1324
1325,-36.5379465498,epsilon,sigma,lj13_min_1325
1326,-36.5371483509,epsilon,sigma,lj13_min_1326
1327,-36.5368788655,epsilon,sigma,lj13_min_1327
1328,-36.536630235,epsilon,sigma,lj13_min_1328
1329,-36.5352901591,epsilon,sigma,lj13_min_1329
1330,-36.5306722478,epsilon,sigma,lj13_min_1330
1331,-36.5253967411,epsilon,sigma,lj13_min_1331
1332,-36.5246473516,epsilon,sigma,lj13_min_1332
1333,-36.5228528666,epsilon,sigma,lj13_min_1333
1334,-36.5213235044,epsilon,sigma,lj13_min_1334
1335,-36.5143278706,epsilon,sigma,lj13_min_1335
1336,-36.5118725975,epsilon,sigma,lj13_min_1336
1337,-36.5118350706,epsilon,sigma,lj13_min_1337
1338,-36.5102356569,epsilon,sigma,lj13_min_1338
1339,-36.5073472957,epsilon,sigma,lj13_min_1339
1340,-36.5059573572,epsilon,sigma,lj13_min_1340
1341,-36.5032599969,epsilon,sigma,lj13_min_1341
1342,-36.4988842245,epsilon,sigma,lj13_min_1342
1343,-36.4980020649,epsilon,sigma,lj13_min_1343
1344,-36.4977745227,epsilon,sigma,lj13_min_1344
1345,-36.4973794868,epsilon,sigma,lj13_min_1345
1346,-36.4922938017,epsilon,sigma,lj13_min_1346
1347,-36.4908024565,epsilon,sigma,lj13_min_1347
1348,-36.4880046672,epsilon,sigma,lj13_min_1348
1349,-36.4861507386,epsilon,sigma,lj13_min_1349
1350,-36.4823217298,epsilon,sigma,lj13_min_1350
1351,-36.4814487841,epsilon,sigma,lj13_min_1351
1352,-36.4781715187,epsilon,sigma,lj13_min_1352
1353,-36.4766439385,epsilon,sigma,lj13_min_1353
1354,-36.4755239104,epsilon,sigma,lj13_min_1354
1355,-36.473691678,epsilon,sigma,lj13_min_1355
1356,-36.473238349,epsilon,sigma,lj13_min_1356
1357,-36.4714429786,epsilon,sigma,lj13_min_1357
1358,-36.4702385443,epsilon,sigma,lj13_min_1358
1359,-36.4684275068,epsilon,sigma,lj13_min_1359
1360,-36.4669295913,epsilon,sigma,lj13_min_1360
1361,-36.4627852301,epsilon,sigma,lj13_min_1361
1362,-36.4586867237,epsilon,sigma,lj13_min_1362
1363,-36.4575436794,epsilon,sigma,lj13_min_1363
1364,-36.4560641328,epsilon,sigma,lj13_min_1364
1365,-36.4557640242,epsilon,sigma,lj13_min_1365
1366,-36.4547708289,epsilon,sigma,lj13_min_1366
1367,-36.4547491321,epsilon,sigma,lj13_min_1367
1368,-36.4525586767,epsilon,sigma,lj13_min_1368
1369,-36.4512733822,epsilon,sigma,lj13_min_1369
1370,-36.450322792,epsilon,sigma,lj13_min_1370
1371,-36.4498663366,epsilon,sigma,lj13_min_1371
1372,-36.4428586118,epsilon,sigma,lj13_min_1372
1373,-36.4374111956,epsilon,sigma,lj13_min_1373
1374,-36.4366808304,epsilon,sigma,lj13_min_1374
1375,-36.4335958254,epsilon,sigma,lj13_min_1375
1376,-36.4282379563,epsilon,sigma,lj13_min_1376
1377,-36.4206734634,epsilon,sigma,lj13_min_1377
1378,-36.411759014,epsilon,sigma,lj13_min_1378
1379,-36.4096149629,epsilon,sigma,lj13_min_1379
1380,-36.4076911045,epsilon,sigma,lj13_min_1380
1381,-36.4059097779,epsilon,sigma,lj13_min_1381
1382,-36.4034489092,epsilon,sigma,lj13_min_1382
1383,-36.3991247762,epsilon,sigma,lj13_min_1383
1384,-36.3955616388,epsilon,sigma,lj13_min_1384
1385,-36.3949264945,epsilon,sigma,lj13_min_1385
1386,-36.394157203,epsilon,sigma,lj13_min_1386
1387,-36.3911398691,epsilon,sigma,lj13_min_1387
1388,-36.3887213324,epsilon,sigma,lj13_min_1388
1389,-36.3884351312,epsilon,sigma,lj13_min_1389
1390,-36.3846893262,epsilon,sigma,lj13_min_1390
1391,-36.3821188192,epsilon,sigma,lj13_min_1391
1392,-36.3804509297,epsilon,sigma,lj13_min_1392
1393,-36.3768115787,epsilon,sigma,lj13_min_1393
1394,-36.3696514239,epsilon,sigma,lj13_min_1394
1395,-36.3647490319,epsilon,sigma,lj13_min_1395
1396,-36.3639341675,epsilon,sigma,lj13_min_1396
1397,-36.3533946492,epsilon,sigma,lj13_min_1397
1398,-36.3414460568,epsilon,sigma,lj13_min_1398
1399,-36.3334282798,epsilon,sigma,lj13_min_1399
1400,-36.3314065753,epsilon,sigma,lj13_min_1400
1401,-36.3266514683,epsilon,sigma,lj13_min_1401
1402,-36.3262900026,epsilon,sigma,lj13_min_1402
1403,-36.3160700465,epsilon,sigma,lj13_min_1403
1404,-36.3020506343,epsilon,sigma,lj13_min_1404
1405,-36.3007306813,epsilon,sigma,lj13_min_1405
1406,-36.2967280661,epsilon,sigma,lj13_min_1406
1407,-36.2862535039,epsilon,sigma,lj13_min_1407
1408,-36.2845733928,epsilon,sigma,lj13_min_1408
1409,-36.2844251076,epsilon,sigma,lj13_min_1409
1410,-36.274071158,epsilon,sigma,lj13_min_1410
1411,-36.2651764795,epsilon,sigma,lj13_min_1411
1412,-36.2178200611,epsilon,sigma,lj13_min_1412
1413,-35.8082941346,epsilon,sigma,lj13_min_1413
1414,-35.7289814253,epsilon,sigma,lj13_min_1414
1415,-35.7133607228,epsilon,sigma,lj13_min_1415
1416,-35.6863884467,epsilon,sigma,lj13_min_1416
1417,-35.6458205663,epsilon,sigma,lj13_min_1417
1418,-35.6333821003,epsilon,sigma,lj13_min_1418
1419,-35.628021104,epsilon,sigma,lj13_min_1419
1420,-35.6219515685,epsilon,sigma,lj13_min_1420
1421,-35.6211031186,epsilon,sigma,lj13_min_1421
1422,-35.6144657695,epsilon,sigma,lj13_min_1422
1423,-35.5905695422,epsilon,sigma,lj13_min_1423
1424,-35.5783430385,epsilon,sigma,lj13_min_1424
1425,-35.5782487674,epsilon,sigma,lj13_min_1425
1426,-35.5771489434,epsilon,sigma,lj13_min_1426
1427,-35.5499539512,epsilon,sigma,lj13_min_1427
1428,-35.5463664085,epsilon,sigma,lj13_min_1428
1429,-35.5438566864,epsilon,sigma,lj13_min_1429
1430,-35.5377650183,epsilon,sigma,lj13_min_1430
1431,-35.5255788508,epsilon,sigma,lj13_min_1431
1432,-35.5209477201,epsilon,sigma,lj13_min_1432
1433,-35.5066490469,epsilon,sigma,lj13_min_1433
1434,-35.5026630479,epsilon,sigma,lj13_min_1434
1435,-35.5022521963,epsilon,sigma,lj13_min_1435
1436,-35.4987876425,epsilon,sigma,lj13_min_1436
1437,-35.4966058946,epsilon,sigma,lj13_min_1437
1438,-35.4885823255,epsilon,sigma,lj13_min_1438
1439,-35.4836211873,epsilon,sigma,lj13_min_1439
1440,-35.473095297,epsilon,sigma,lj13_min_1440
1441,-35.4697981882,epsilon,sigma,lj13_min_1441
1442,-35.4508628825,epsilon,sigma,lj13_min_1442
1443,-35.4462151978,epsilon,sigma,lj13_min_1443
1444,-35.4427970665,epsilon,sigma,lj13_min_1444
1445,-35.4389440909,epsilon,sigma,lj13_min_1445
1446,-35.4385414304,epsilon,sigma,lj13_min_1446
1447,-35.4355528113,epsilon,sigma,lj13_min_1447
1448,-35.4335771689,epsilon,sigma,lj13_min_1448
1449,-35.4327029943,epsilon,sigma,lj13_min_1449
1450,-35.4280969183,epsilon,sigma,lj13_min_1450
1451,-35.4173934242,epsilon,sigma,lj13_min_1451
1452,-35.4157909234,epsilon,sigma,lj13_min_1452
1453,-35.4116405855,epsilon,sigma,lj13_min_1453
1454,-35.39888923,epsilon,sigma,lj13_min_1454
1455,-35.3984263692,epsilon,sigma,lj13_min_1455
1456,-35.3935082453,epsilon,sigma,lj13_min_1456
1457,-35.3875951011,epsilon,sigma,lj13_min_1457
1458,-35.3827570315,epsilon,sigma,lj13_min_1458
1459,-35.375240106,epsilon,sigma,lj13_min_1459
1460,-35.3747158514,epsilon,sigma,lj13_min_1460
1461,-35.3733298173,epsilon,sigma,lj13_min_1461
1462,-35.3719328943,epsilon,sigma,lj13_min_1462
1463,-35.3690524004,epsilon,sigma,lj13_min_1463
1464,-35.368447223,epsilon,sigma,lj13_min_1464
1465,-35.340701694,epsilon,sigma,lj13_min_1465
1466,-35.334677741,epsilon,sigma,lj13_min_1466
1467,-35.3293131861,epsilon,sigma,lj13_min_1467
1468,-35.3132806463,epsilon,sigma,lj13_min_1468
1469,-35.311795852,epsilon,sigma,lj13_min_1469
1470,-35.3117047901,epsilon,sigma,lj13_min_1470
1471,-35.3072215829,epsilon,sigma,lj13_min_1471
1472,-35.3030347442,epsilon,sigma,lj13_min_1472
1473,-35.2959540791,epsilon,sigma,lj13_min_1473
1474,-35.2927160473,epsilon,sigma,lj13_min_1474
1475,-35.2911053258,epsilon,sigma,lj13_min_1475
1476,-35.2888202758,epsilon,sigma,lj13_min_1476
1477,-35.2739839827,epsilon,sigma,lj13_min_1477
1478,-35.2721499051,epsilon,sigma,lj13_min_1478
1479,-35.2552962185,epsilon,sigma,lj13_min_1479
1480,-35.2525553953,epsilon,sigma,lj13_min_1480
1481,-35.2519765882,epsilon,sigma,lj13_min_1481
1482,-35.2208802283,epsilon,sigma,lj13_min_1482
1483,-35.2032321809,epsilon,sigma,lj13_min_1483
1484,-35.200828134,epsilon,sigma,lj13_min_1484
1485,-35.1960616965,epsilon,sigma,lj13_min_1485
1486,-35.1877643129,epsilon,sigma,lj13_min_1486
1487,-35.1864058225,epsilon,sigma,lj13_min_1487
1488,-35.1797059223,epsilon,sigma,lj13_min_1488
1489,-35.1342171832,epsilon,sigma,lj13_min_1489
1490,-35.1299642665,epsilon,sigma,lj13_min_1490
1491,-35.1283033667,epsilon,sigma,lj13_min_1491
1492,-35.0705891636,epsilon,sigma,lj13_min_1492
1493,-38.1652006159,epsilon,sigma,lj13_min_1493
1494,-37.0612025977,epsilon,sigma,lj13_min_1494
1495,-37.0583434038,epsilon,sigma,lj13_min_1495
1496,-36.9202923329,epsilon,sigma,lj13_min_1496
1497,-36.323023908,epsilon,sigma,lj13_min_1497
1498,-37.8202299901,epsilon,sigma,lj13_min_1498
1499,-37.1431941807,epsilon,sigma,lj13_min_1499
1500,-37.0804441525,epsilon,sigma,lj13_min_1500
1501,-37.018099007,epsilon,sigma,lj13_min_1501
1502,-36.9987159581,epsilon,sigma,lj13_min_1502
1503,-36.6250966217,epsilon,sigma,lj13_min_1503
1504,-36.2701875061,epsilon,sigma,lj13_min_1504
1505,-37.1069143708,epsilon,sigma,lj13_min_1505
1506,-37.0900270518,epsilon,sigma,lj13_min_1506
1507,-36.6747173683,epsilon,sigma,lj13_min_1507
1508,-35.6195403832,epsilon,sigma,lj13_min_1508
1509,-36.9914033976,epsilon,sigma,lj13_min_1509
